word,count
man,66
love,96
fruit,6
summer,28
lovely,7
car,40
fast,15
goooooooaaaaaal,1
ridiculous,3
london,9
cool,23
skiing,1
wonderful,5
day,102
looooool,1
no,151
way,61
eat,6
shit,37
nyc,4
last,56
week,33
girlfriend,6
cooool,1
like,256
pasta,2
end,30
always,36
try,18
bring,12
heavy,2
metal,8
rt,62
cry,16
set,26
ablaze,15
plus,3
side,20
look,71
sky,13
night,41
mufc,2
built,6
much,51
hype,3
around,23
new,171
acquisition,2
doubt,5
epl,1
season,10
lord,17
check,39
nsfw,4
outside,13
alive,7
dead,35
inside,13
awesome,15
time,104
visiting,1
cfc,2
head,37
office,5
ancop,1
site,7
thanks,22
tita,2
vida,2
taking,9
care,21
u,151
soooo,2
pumped,1
wanted,14
chicago,10
preaching,1
not,211
hotel,4
gained,6
follower,8
know,91
stats,3
grow,6
building,46
perfect,8
tracklist,1
life,68
leave,15
street,8
first,59
retainer,1
quite,7
weird,7
better,33
get,185
used,20
wear,4
every,44
single,9
next,34
year,66
least,10
santa,2
cruz,6
st,11
elizabeth,1
police,34
superintendent,1
lanford,1
salmon,2
r,25
noches,1
el,4
bestia,1
happy,22
see,84
teammate,1
training,4
hard,13
goodnight,1
gunner,1
heart,28
city,21
gift,3
skyline,2
kiss,3
upon,13
lip,5
tonight,25
los,2
angeles,2
expecting,4
ig,3
fb,3
filled,3
sunset,3
shot,11
peep,2
revel,1
wmv,2
video,102
mean,21
mac,6
farewell,1
en,4
route,5
dvd,5
gtxrwm,1
progressive,2
greeting,1
month,14
student,7
would,101
pen,1
torch,3
publication,1
rene,2
jacinta,1
secret,21
2k13,1
fallen,2
edit,2
mar,1
nowplaying,24
ian,2
buff,2
magnitude,1
edm,11
talk,15
go,92
make,77
due,7
work,57
kid,32
cuz,5
got,92
bicycle,2
accident,24
split,2
testicle,1
impossible,4
michael,10
father,5
personalinjury,1
read,50
advice,2
solicitor,2
help,51
otleyhour,1
stlouis,1
caraccidentlawyer,1
speeding,1
among,6
top,41
cause,30
teen,12
tee,2
sleeping,9
pill,3
double,9
risk,8
knew,6
gon,36
happen,6
mom,20
home,38
wished,1
truck,20
spilt,1
mayonnaise,1
wait,22
pissed,2
donnie,1
tell,17
another,39
changed,3
determine,1
option,7
financially,1
support,14
plan,41
going,76
treatment,5
marinading,1
still,72
heard,24
church,5
leader,4
kenya,3
coming,36
forward,4
comment,13
issue,13
disciplinary,1
measure,1
arrestpastornganga,2
scuf,2
p,29
live,32
game,41
cya,1
drive,10
effort,6
painful,1
win,20
roger,2
bannister,1
ir,7
icemoon,7
aftershock,19
dubstep,7
trapmusic,7
dnb,8
dance,15
ice,17
victory,3
bargain,4
basement,2
price,7
dwight,1
david,7
eisenhower,1
nobody,4
remembers,1
came,21
second,18
charles,2
schulz,1
im,44
speaking,2
someone,34
using,5
xb1,2
people,94
getting,38
also,33
harder,1
conflict,2
glorious,2
triumph,2
thomas,6
paine,1
growingupspoiled,1
clay,1
pigeon,1
shooting,6
guess,11
one,139
actually,18
want,81
free,32
tc,2
terrifying,1
best,55
roller,3
coaster,2
ever,41
disclaimer,1
seeing,14
wisdomwed,1
bonus,1
minute,13
daily,11
habit,3
could,45
really,55
improve,1
many,51
already,22
lifehacks,1
protect,4
profit,4
global,4
financial,9
meltdown,28
wiedemer,1
http,1
moment,15
scary,4
guy,37
behind,10
screaming,37
bloody,38
murder,9
silverwood,1
full,84
streaming,3
youtube,11
book,30
sometimes,11
face,36
difficulty,2
something,23
wrong,19
right,51
joel,3
osteen,1
thing,54
stand,26
dream,12
belief,2
possible,8
brown,20
praise,1
god,49
ministry,1
wdyouth,1
biblestudy,1
remembering,3
die,18
avoid,4
trap,4
thinking,13
lose,8
steve,6
job,40
tried,12
orange,2
today,47
never,45
bb,1
back,86
school,38
kick,8
great,47
thank,27
everyone,41
making,22
say,64
done,17
interrupt,1
george,4
bernard,1
shaw,2
oyster,1
shell,3
andrew,2
carnegie,1
anyone,17
need,70
play,28
hybrid,2
slayer,3
ps4,2
eu,2
hmu,2
lifetime,3
odds,2
dying,6
airplane,5
almost,14
sent,9
coworker,1
nude,3
mode,15
might,17
killed,4
wreck,46
politics,3
phone,32
ship,22
terrible,4
statistically,1
cop,6
leading,4
emergency,82
service,41
bos,4
welcome,11
ambulance,18
charity,6
sprinter,4
automatic,5
frontline,4
vehicle,8
choice,10
lez,4
compliant,6
ebay,29
nanotech,1
device,2
able,7
target,5
destroy,30
blood,33
clot,1
run,35
lucky,11
justsaying,1
randomthought,1
waiting,6
ok,20
hahahah,2
good,67
nissan,1
medical,2
assistance,3
call,25
ems1,1
ny,5
emts,1
petition,11
per,1
hour,28
minimum,1
wage,1
em,12
paramedic,2
parking,3
lot,34
said,31
john,5
dog,20
think,69
happening,5
hatzolah,1
responding,1
dual,3
siren,41
number,9
lesotho,1
body,119
surprised,4
standardised,1
clinical,1
practice,9
across,7
nh,2
trust,15
j,7
walk,9
passing,6
hate,15
episode,10
trunk,2
annihilated,23
freiza,1
cleanest,1
showed,2
nigga,24
mercy,3
shall,10
petebests,1
dessicated,1
laid,3
bare,3
kneel,1
uribe,4
baseball,7
mets,4
hey,22
sundown,1
previous,2
meeting,4
celtic,2
indeed,7
improvement,2
mizzou,1
florida,5
past,14
even,51
ended,5
muschamp,1
career,16
compete,2
bama,1
status,5
education,5
mba,1
behalf,2
easy,8
careen,1
eovm,1
luka,2
everything,19
alois,2
trancy,2
un,1
fella,2
sorry,18
must,17
boom,3
country,10
entirely,1
h,8
britain,3
well,34
sure,26
promised,1
israel,4
horror,5
iran,9
w,52
nuke,1
tryout,1
went,21
minus,1
fact,10
stopped,5
quickly,3
short,8
ball,20
toenail,1
injury,55
domain,2
sophistication,1
closely,1
feat,10
zrnf,1
seen,17
juda,1
priest,2
rob,3
scorpion,2
fucking,40
place,15
astonishing,1
gig,2
officially,5
skipping,2
fantasticfour,2
fant4stic,1
whatever,2
hashtag,4
review,9
bummer,1
completely,7
cech,1
paul,10
keegan,1
legion,2
survivor,10
imperfect,2
project,4
formed,2
cell,3
exactly,6
lesnar,1
cena,1
match,11
summerslam,1
brock,2
forthright,1
may,38
food,21
coma,1
bc,18
kebab,1
tahini,1
pickle,2
fry,1
fun,25
simmons,1
bar,22
camden,1
handsome,1
apart,3
juanny,1
beisbol,1
sr,2
lgm,1
maybe,19
pres,4
sold,2
river,16
annihilation,13
evildead,1
civilization,1
national,16
park,11
tonto,5
forest,16
stop,36
salt,8
wild,14
horse,12
via,99
world,72
v,28
self,34
transformation,2
alien,1
attack,32
exterminate,1
human,10
please,46
sign,13
share,17
save,26
arizona,3
without,38
signature,1
change,34
org,2
thx,5
soul,17
punished,2
reject,3
law,5
misguided,1
false,5
prophet,5
imprison,1
nation,4
fueling,1
jeb,10
christie,3
kasich,1
less,6
away,26
allow,2
take,60
voice,7
gilbert23,2
az,1
wildhorses,1
tantonationalforest,1
sing,6
long,34
order,16
current,3
nova,1
bookslast,1
checked,3
tied,2
rider,2
died,7
saltriverwildhorses,1
dante,1
join,12
following,5
zone,24
johnny,2
na,62
fight,15
taylor,2
soon,28
jocelyn,1
birthday,10
apocalypse,27
janenelson097,1
stephenscifi,1
adaptation,1
watch,36
charlie,4
optioned,1
film,12
sciencefiction,1
feel,55
pull,4
stage,12
kinda,9
hot,46
played,9
radio,16
disease,4
started,10
careful,6
lol,62
gf,2
m8,1
julie,3
version,11
romeo,1
juliet,1
warmbodies,1
fittscott,1
minecraft,7
block,11
mod,9
bob,5
wither,4
showcase,3
popularmmos,2
vi,3
mother,6
mary,9
reading,9
spirit,7
angel,8
took,9
enormous,1
high,28
mountain,7
candylit,1
imagine,6
sarumi,1
zombie,6
fighting,5
conversation,6
zonewolf123,1
liked,37
mo,3
planet,4
lone,1
audience,4
come,52
grizzly,1
peak,1
beginning,6
dystopian,2
movie,35
niece,3
asked,8
scared,12
xv,2
totally,12
give,11
bad,36
name,18
pierc,1
geek,1
4pm,1
gmt,1
hesse,1
dark,7
etcpb,1
enjoyed,4
action,10
titan,3
poster,3
reminded,1
freshly,1
clean,4
coiffed,1
pbban,3
temporary,4
avysss,1
armageddon,32
kill,13
flag,6
xp,3
reason,23
russaky89,1
official,14
vid,3
doublecups,2
prod,2
ouvindo,2
peace,14
bed,13
wake,12
unless,8
revolution,3
start,30
red,25
faction,1
microsoft,4
xbox,6
series,12
truelove,2
romance,5
lith,2
voodoo,2
seduction,2
astrology,2
rtrrt,2
lotz,2
1008pla,1
beat,13
hsu,1
hao,1
flawless,2
ben,5
affleck,2
wife,8
girl,42
loved,11
since,24
eonlinechat,1
coat,2
hand,17
worn,2
certainty,1
bear,10
sense,9
occasion,4
spying,1
hidden,1
door,13
nsa,1
data,19
mining,5
software,2
blog,5
1008planet,1
fighterdena,1
photo,38
sketch,1
based,8
taste,8
startrek,1
tos,1
luck,5
tomorrow,23
coefficient,1
point,9
plz,1
history,11
justice,2
department,11
paid,2
income,2
tax,4
20yrs,1
kingdom,3
heavenly,7
gov,5
rule,16
earth,14
l,6
b,16
entertainment,6
brucewillis,1
monkey,4
sixth,3
auction,6
let,87
goof,1
guild,1
saunders,1
gaining,1
ability,2
prepared,5
toddler,6
preppers,1
doomsday,1
library,4
collection,4
cd,2
shtf,1
preppertalk,1
survival,4
2a,1
prepper,1
ahamedis,1
messiah,1
ago,11
dajaal,1
gog,1
magog,1
sadly,4
window,8
reveals,2
ethic,1
averted,2
patron,1
ultimalucha,3
latest,12
ww1,5
blueprint,2
extremely,7
impressive,2
european,1
fitba,1
till,10
christmas,2
christian,4
united,11
cufi,1
jew,1
convert,1
preseasonworkouts,1
lee,2
comedy,2
working,10
class,17
tory,1
prepare,6
interestraterise,1
chart,2
prove,1
crisis,1
part,20
begun,1
economic,5
collapse,24
track,7
tren,1
light,31
funny,11
goofball,1
staff,5
pd,1
thereal,1
comin,1
finger,7
crossed,4
aberdeen,1
eh,3
beyonce,8
pick,20
fan,34
army,30
beyhive,8
direction,11
directioners,8
x1402,1
5sosfam,2
x1411,1
whitewalkers,1
slightly,5
intrigued,1
far,12
build,9
lead,14
g,5
friend,30
code,3
lzktjnox,1
vote,9
queen,11
5th,3
round,9
fanarmyfaceoff,1
show,39
hero,14
tv,18
infantry,1
men,19
lume,1
dial,1
analog,1
quartz,2
wrist,2
sport,12
blue,17
nylon,2
fabric,2
rea,7
x1441,1
drayesha4,1
indiakomuntorjawabdo,1
indian,3
ki,1
x1386,1
da,8
mtvsummerstar,1
videoveranomtv,2
mtvhottest,6
britney,2
spear,3
lana,1
del,1
rey,2
stony,1
jackson,5
america,13
hope,34
felon,1
thus,4
satan,2
wwi,3
wwii,3
japanese,4
navy,7
military,34
japan,4
leather,21
war,39
mido,5
potus,2
appoints,1
brig,1
gen,1
richard,2
kaiser,1
member,8
mississippi,1
commission,1
learn,13
mrc,1
x1434,1
two,30
jewish,1
terrorist,9
charged,5
historic,1
arson,10
ugly,4
truth,11
add,5
familia,1
squad,3
sound,34
owner,10
area,12
gay,10
admits,5
scheme,5
lgbt,4
mourning,1
notice,5
stabbing,1
victim,3
stir,1
grief,1
shira,2
banki,1
arsonist,12
mc,2
impressed,4
minor,2
citation,1
possesion,1
decriminalized,1
substance,1
facing,1
legal,4
system,5
forgets,1
dick,4
bloor,1
ossington,1
burned,29
mattress,1
northumberland,1
cbcto,1
anything,19
nice,12
sit,9
vegetarian,2
vegan,1
torching,1
popular,3
bk,1
restaurant,3
strictly,1
govegan,1
uniteblue,1
capture,4
removing,1
american,9
beach,13
ca,7
burning,57
sought,1
trick,2
nasty,4
spotlight,1
paradise,1
wniagospel,1
town,9
salem,3
melted,1
cube,1
blamed,3
blaze,16
plastic,2
recycling,1
business,27
adelaide,1
report,9
7newsadl,1
hotboy,1
zodiac,1
trey,1
dupree,1
produced,2
sparkz,1
beatz,1
chuck,1
lmfao,4
jokin,1
cant,12
move,15
whats,3
cracking,2
smoke,37
fuck,33
drink,14
green,9
mink,1
court,10
earl,1
lmao,16
real,29
frank,2
elliott,1
pleaded,1
guilty,3
hiring,16
trusting,2
terrorism,11
inviting,1
fire,88
brigade,1
telegraph,1
credit,3
inspiring,1
rediscover,1
fantabulous,1
tbt,4
demi,2
stans,2
million,5
copy,1
funniest,1
twitter,28
feminist,9
4head,1
thought,28
goat,3
worry,9
rocket,3
okay,18
lie,14
ready,10
senior,4
left,23
diamond,4
graveyard,1
shift,7
defend,3
handside,1
idiot,2
damn,15
ignoranceshe,1
latinoand,1
benothing,1
morebut,1
group,12
gop,10
prevention,1
secondhand,1
vita,1
yay,4
anxiety,3
attacked,15
pugprobs,1
frail,1
feeling,22
black,49
white,25
believe,18
ci,1
female,3
somehow,5
claim,7
offended,1
transgendered,1
medium,13
remember,18
patrick,5
kane,1
cab,1
driver,6
ik,2
troll,1
pol,1
rival,1
literally,16
abused,3
family,27
abuse,3
loosers,1
worst,10
person,19
questioning,2
empathy,1
aiii,1
chill,5
answer,12
calmly,1
robot,3
lvl,1
earned,2
total,7
satoshis,1
robotcoingame,1
bitcoin,2
freebitcoin,1
saw,15
tweet,20
welovela,1
nhlducks,1
avalanche,22
defense,5
louis,12
sportsroadhouse,1
kalle,3
mattson,3
crash,34
colorado,6
reebok,1
shirt,4
xl,1
cotton,4
nhl,2
hockey,2
tix,2
frozen,3
fury,1
xvii,1
king,16
row,6
aa,2
mgm,1
grand,2
bet,8
didnt,4
box,7
little,32
piece,8
wrote,1
design,7
appreciate,4
greatly,1
roy,1
upper,3
deck,5
spx,1
finite,1
made,34
mint,1
musician,5
recreates,2
classic,3
album,14
cover,13
clever,2
music,26
beautiful,23
sweet,6
faith,4
akito,1
rose,6
frothy,1
gyp,1
weddinghour,1
calgary,4
flame,29
col,1
preseason,1
scotiabank,1
saddledome,1
catechize,1
inner,4
confidential,1
communication,3
respect,4
creating,2
worth,7
len,3
fall,35
leaf,3
poplar,1
fully,6
ordained,1
tumbling,2
spurgeon,1
punk,2
band,5
original,8
performance,2
chip,2
fuel,4
gas,4
saver,1
chevy,3
tahoe,2
blazer,1
sniping,2
chevrolet,1
ltz,1
lifted,1
4x4,7
favorite,17
rudd,2
emile,1
hirsch,1
gordon,1
prince,2
q,3
filmmaker,1
google,2
entretenimento,1
deal,21
purchase,3
neal,1
rigga,1
drafted,1
rd,3
overall,1
rapper,4
song,33
yo,8
flex,1
believing,3
wide,2
awake,1
jersey,2
bts,3
incredible,2
snowflake,1
responsible,3
dragon,5
z,4
battle,31
rotten,2
tomato,2
added,14
playlist,13
tank,5
assistant,1
bat,4
chat,2
arti,1
kaboom,1
ya,6
boy,18
clip,6
4kus,1
baaaack,1
petersen,1
bowhunting,1
bow,1
cast,3
tb,4
throwback,2
kelby,1
tomlinson,1
mild,1
mannered,1
2nd,2
baseman,1
metropolitan,1
team,19
ending,3
hit,28
rbi,1
sfgiants,1
happened,9
taken,9
story,26
trailer,4
space,19
ripped,2
hole,4
saturn,1
animation,1
happens,7
finally,21
du19,1
rap,2
internal,4
external,5
motivation,2
item,3
phantasmal,1
cummerbund,1
warcraft,3
marvel,3
dc,6
avenger,1
sigh,1
realization,2
attention,6
span,1
mass,25
painting,4
playing,14
interested,4
star,22
power,15
jedi,1
droid,2
hasbro,1
eye,33
occurred,9
o784,8
involving,8
fleet,8
totaling,8
destroyed,28
lonepine,1
remembered,4
australia,11
descendant,1
gallipoli,1
miss,14
gary,1
busey,1
son,10
dixie,1
electronic,5
fiddle,1
post,23
celebration,3
sequence,1
fedex,12
longer,17
transport,9
bioterror,12
germ,6
usa,9
pathogen,6
newsintweets,1
anthrax,5
lab,9
mishap,5
potential,3
frontpage,1
faced,2
sanction,2
rickperry,1
cut,5
gopdebate,2
alisonannyoung,1
exclusive,1
research,6
specimen,3
atlanta,1
chronicle,1
shipping,2
microbe,1
breakingnews,1
willing,2
bioter,1
wxia,1
biolab,1
safety,6
concern,4
transporting,1
certain,3
facility,4
dumbfounded,1
firepower,1
resource,2
automation,2
infectious,2
bioterrorism,9
creation,1
ai,1
climate,8
workforce,1
contact,4
wealth,3
inequality,1
yea,3
cia,3
hollywood,17
horowitz,1
vaccine,1
nwo,1
sir,4
hhs,1
selects,1
regional,2
special,8
center,10
ebola,1
possibility,1
mystery,5
suck,4
describing,3
future,10
therapy,4
technology,12
sexuality,1
diagnosis,1
digitalhealth,1
hcsm,1
heiress,1
evade,1
lgl,1
prosecute,1
blks,1
kidnap,1
craving,1
pool,7
raisinfingers,1
looking,16
hammond,1
listing,2
amazin,1
crazy,11
dey,2
wan,30
dedication,1
n,15
bro,6
yes,21
virtual,1
tour,6
fir,2
cannon,1
listed,3
dorrie,1
caruana,1
cleveland,4
standup,1
alrighty,1
jay,7
dutch,2
slave,2
trade,1
hair,13
poverty,3
fade,1
weekend,11
hating,3
babe,3
lan,1
skywars,1
que,2
hack,3
e,15
flechadas,1
sinistras,1
dems,2
covered,5
detained,2
thousand,10
interrogation,1
ugh,5
put,31
calorie,6
pizza,2
thisispublichealth,1
pic,13
fort,4
jackass,1
stuffin,1
writing,7
computer,21
ahead,10
letting,3
mad,12
yeah,18
dont,16
drew,2
socialmedia,2
news,59
facebook,8
page,5
feature,4
seek,14
personalize,1
customer,2
experience,9
shout,2
hottest,2
dj,3
sothwest,1
farm,3
yet,23
vela,1
fail,5
mixtape,1
promise,8
goin,1
huh,6
leo,3
bedroom,4
bath,3
sale,9
palm,3
gun,15
daem,1
smooth,2
asf,2
c,9
artisteoftheweekfact,1
coast2coastdjs,1
agree,8
jiwonle,1
hiphop,1
clubbanger,1
bright,2
blazing,29
fireman,3
party,15
wedding,13
vibez,2
listenlive,3
august,12
transcend,1
trail,3
diversified,1
marketing,4
morgan,3
silver,11
dollar,5
gem,14
bu,4
dmpl,2
cameo,2
rev,2
m,3
grade,5
bowl,4
stealth,1
skill,5
nothing,22
silenced,1
m4,1
bit,7
pacquiao,1
marquez,1
unfilled,1
swarm,1
online,18
durvod,1
turn,16
stoponesounds,1
airwave,1
fm,1
inch,2
dynasty,1
weapon,48
master,2
hinatobot,1
expect,3
obama,8
shouout,1
vocal,3
weather,12
shes,2
s3xleak,1
ph0tos,1
19yrs,1
old,25
ash,6
lady,28
festac,1
delta,1
exp0sed,1
bbm,1
leaked,2
picture,6
oh,26
racing,2
temperature,1
roof,4
fifth,4
harmony,1
haha,16
spanish,5
word,31
latin,2
origin,4
meaning,3
reddish,1
colored,1
dummy,2
pronouncing,1
traffic,9
freezing,3
cold,9
heat,16
enough,11
degree,3
mid,1
sun,11
rn,7
sweat,2
bullet,4
beating,1
lost,10
fam,3
beyond,10
blessed,6
keep,34
dude,11
fantasy,9
escort,1
gfe,1
dubai,1
missy,1
suited,1
summertime,1
yee,1
haw,1
magical,1
bag,83
elwoods,1
bother,2
doug,1
tune,3
ch,1
pl,1
satin,1
rare,5
proof,7
etisalat,2
mb,1
complete,11
giving,10
100mb,1
tecno,1
q1,1
ime,1
bitch,15
slapping,1
cake,22
throwing,3
showdown,1
follow,14
unpacked,1
physical,3
activity,4
archetype,1
bleeding,30
grounded,1
readiness,1
fpoj,1
threw,2
chicken,3
nugget,2
sister,7
slit,1
throat,1
apologize,1
joe,8
landolina,1
gel,3
instantly,1
realestate,1
nose,6
typewriter,1
written,5
bunch,2
gunk,1
text,12
sending,4
hug,3
death,49
allowed,3
apparently,5
fine,5
walking,9
eating,4
takis,1
rubbing,1
tear,10
vampiro,3
broken,6
foot,14
toe,2
madara,1
stepped,2
glass,11
pun,4
tak,1
sedar,1
pain,13
ear,5
cute,6
dinner,2
date,14
til,4
cam,4
silence,3
safer,4
violence,2
fell,4
concrete,2
deadpool,1
favourite,3
character,14
suit,1
wannabe,2
pickup,1
artist,2
pretty,18
brain,9
soccer,3
running,13
apartment,3
he,5
instinct,1
kicked,4
scratch,1
stefano,1
rave,1
wise,1
te,3
timeline,2
blew,32
atomic,2
bomb,29
oomf,1
instagrams,1
active,4
line,10
instagram,5
featured,1
jazz,3
usagi,1
entire,14
solar,3
airhead,1
misstep,1
receipt,1
wont,6
gtfo,2
desperate,1
notification,3
encouraging,1
hw18,1
keeping,1
exit,4
pulled,2
told,8
motor,3
lolol,2
2fast2furious,1
universe,7
exist,2
scientist,2
began,4
max,7
tf,4
fired,2
catfishmtv,1
rick,2
morty,1
ty,3
realized,3
tusky,1
rq,1
snapchat,3
gambit,1
anakin,1
control,11
wbc2015,1
ironically,2
michele,2
bachmann,1
brought,9
ron,1
called,5
hoax,2
catfish,2
retweeted,2
whistled,1
wind,19
skirt,3
mention,9
1st,8
blocked,6
freya,1
everywhere,5
ray,7
rice,2
fiasco,2
skin,4
talking,6
watched,7
honey,3
economy,6
recommend,4
conservative,2
shoppe,1
harperanetflixshow,1
elxn42,1
stopharper,1
ye,1
big,29
sean,5
zayn,1
clue,1
click,5
pair,3
couple,14
graywardens,1
blight,25
there,5
theory,3
magisters,2
arent,1
dwarf,2
cycling,1
athletics,1
doping,1
exacerbated,1
monetary,1
reward,2
searching,1
required,2
poor,8
jack,5
deep,11
road,19
found,8
lyrium,1
load,8
welfare,1
loving,11
sponge,1
society,6
prysmian,1
secures,1
contract,2
bank,3
height,5
shaker,2
house,26
carl,1
everest,1
cobes,1
whitt,1
frost,1
snuff,2
godly,1
others,9
beer,3
someday,1
thda,1
anti,8
loan,6
memphis,2
program,6
greenspace,1
tennessee,1
housing,2
development,1
release,13
planing,1
level,17
constellation,1
gaia,1
iclown,2
drumstep,1
remix,2
infinity,2
achieve,1
excellence,1
develop,2
matter,9
author,5
purdies,1
tracy,1
apperception,1
bridgework,1
xxhjesc,1
dotish,1
mine,8
sexual,3
woman,45
swear,3
uncover,1
slumber,1
result,7
app,3
zippoline,1
use,17
community,11
moveit,1
policy,24
ohio,2
cle,1
cuyahoga,1
county,7
greening,1
vacant,4
land,13
taint,1
open,12
gate,4
actual,4
article,10
jackman,1
metro,2
detroit,2
later,5
downgraded,1
estimate,1
square,3
mile,5
locksmithing,1
art,17
respecting,1
elaboration,1
lock,2
lpdkl,1
cunt,4
ranked,1
gave,12
card,7
amazon,9
buy,15
print,5
available,2
pamela,1
blizzard,16
kamon,1
pay,17
nut,2
flavored,1
cream,6
auz,1
pm,6
cst,1
hr,3
rock,11
hump,1
rolo,1
dq,3
lucio,1
overwatch,1
train,15
rolling,2
caution,2
though,16
break,12
ight,1
peanut,5
butter,6
cookie,1
dough,1
mic,2
controller,2
announcement,3
vods,1
updated,4
error,3
expansion,1
idea,15
bard,1
holy,6
trinity,1
shocking,1
lured,1
fanbase,1
wod,1
disappointed,1
hardcore,2
everyones,1
leaving,6
candy,3
lizard,2
wizard,1
lwb,1
clutch,7
link,17
tora,1
hearthstone,2
pc,6
reset,1
brownie,1
batter,2
market,27
activision,1
cognizant,1
sg,1
knockout,1
biggest,13
regret,3
butterfinger,2
horrible,20
dryer,1
snowy,1
paper,4
jean,1
pocket,6
bruh,7
dy,5
rip,6
nah,6
young,7
cook,8
gone,8
wall,8
invincible,1
floor,8
broke,12
nail,2
fake,2
morning,10
ah,7
hurt,11
treat,3
reviewer,1
boxset,1
lindsay,1
buroker,1
kindle,9
associated,3
gastric,1
carcinoma,1
fragile,1
gene,1
beside,1
wounded,13
dialysis,1
grandpa,2
headed,2
dad,12
smh,4
omron,1
hem,1
712c,1
pressure,6
monitor,1
standard,8
large,8
bp,1
cuff,3
extra,2
speakingfromexperience,1
imouto,1
related,2
ugliest,1
shoe,6
super,13
tight,1
excellent,3
porridge,2
seriously,7
phenomenal,1
shii,1
intended,1
hastle,1
drug,5
tested,2
drown,29
document,2
filling,1
somebody,8
ta,8
sbee,1
fuckin,3
gypsy,1
rolandonabeats,1
ellie,1
goulding,1
acesse,1
nosso,1
para,1
ouvir,1
chapter,1
encounter,1
jesus,4
personal,3
include,2
paramore,1
muse,1
royal,3
5sos,2
shed,1
innocent,2
daughter,5
polluted,1
psalm,2
sin,4
abortion,3
se,2
pone,1
cantar,1
lightning,20
everyday,3
looooooooooool,1
hell,18
infected,1
piercings,1
aggressif,1
aggressive,2
entered,3
butterlondon,1
crayon,1
enter,4
bbloggers,1
sally,1
emailed,1
awol,1
argh,1
listening,7
forrest,1
awful,4
xxx,3
nightmare,2
elm,1
remade,1
sony,2
stephen,4
tower,2
stephenking,1
thedarktower,1
akame,1
ga,1
tokyo,1
ghoul,1
dare,4
amends,1
tired,9
vaca,1
sexy,3
drool,1
effect,21
low,19
product,2
acne,1
diarrhea,2
ronda,1
rousey,1
close,4
floyd,6
mayweather,1
money,17
elbow,2
boxing,1
a3,1
landscape,2
oil,10
paint,4
ride,3
barking,1
hello,8
thigh,2
cleav,1
expose,1
cleavage,1
mega,3
marvellous,1
sink,2
beet,1
juice,2
monty,1
python,1
meet,7
rs5,1
friday,8
supposed,6
hah,2
zzzz,1
folding,1
arm,6
sitting,8
chair,4
college,1
reafs,1
drama,2
s01e09,1
monday,2
bloodymonday,1
tvshowtime,1
marlon,2
williams,5
elvis,1
presley,1
steel,4
panther,1
shuffle,1
legend,1
rather,10
shopping,1
blown,29
s2g,2
deactivate,1
wow,14
club,6
fucked,4
player,9
pilloried,1
greinke,1
inning,4
woke,8
aunt,1
marge,1
eheks,1
spammer,1
probably,20
underground,1
wtf,7
ur,24
mini,7
uhc,1
creeper,1
flying,2
salty,2
bump,1
approval,1
musicadvisory,1
kash,1
foundation,1
magazine,1
website,3
todd,4
blake,3
ee,1
shop,5
glad,9
half,18
extension,2
stay,23
manor,1
anyways,2
buddy,2
loner,1
diary,1
pattern,4
sand,2
choked,1
vanessa,2
gentleman,1
begin,6
bb17,5
guaranteed,2
bitten,1
mutant,1
mosquito,2
ankle,5
tozlet,1
seat,8
butt,2
leprosy,1
jerkface,1
syndrome,1
lateral,1
lisp,1
toilet,5
rickets,1
hacker,2
givebackkalinwhiteaccount,1
whoever,2
directing,1
grab,5
nicki,4
minaj,3
recognition,1
mind,10
6th,1
james,3
huge,8
amirite,2
kennel,1
yorkshire,1
espn2,1
as,42
metaphorically,1
piperwearsthepants,1
charmed,1
glononium,1
6c,1
bashing,1
bottle,3
nitroglycerin,1
shoulder,30
tote,16
handbag,24
cross,45
faux,12
fashion,15
purse,11
republican,11
ditto,1
drank,1
vodka,1
genuine,2
mulberry,1
antony,1
messenger,5
oak,2
soft,1
buffalo,2
00end,1
vuitton,7
monogram,6
sophie,4
limited,9
edition,6
cultsierre,1
ameribag,1
healthy,2
backpack,1
khaki,1
tan,2
beige,1
cosmetic,1
periwinkle,1
copper,1
piping,1
along,5
four,7
corner,2
thin,3
hip,6
hobo,9
womens,17
cage,1
find,21
dealing,1
auth,1
saumur,1
vintage,4
longaberger,1
floral,1
strap,1
satchel,6
zipped,1
style,8
authentic,2
pochette,1
bosphore,1
coach,3
camera,3
bid,5
fit,6
ipad,2
tablet,10
case,6
air,10
jp,1
nuu,1
fwt,1
saying,12
bagging,28
bangin,1
smoking,3
drake,14
meek,17
rec,2
k,8
league,5
olympic,1
trollingtilmeekdiss,1
idgaf,1
tough,4
canada,3
north,5
philly,1
acting,2
skimmed,1
missed,4
lyrically,1
straight,10
friendship,4
mics,1
together,10
mopheme,1
bigstar,1
johnson,2
problem,12
vuzuhustle,1
4got,1
score,3
cuffed,1
ovofest,2
ovo,1
ziphimup,1
enjoy,7
definitely,3
capable,1
br,1
wwe,2
2k15,2
mycareer,1
ep18,1
tyrone,1
sensitive,1
spot,20
ghostwriter,1
trying,21
dis,7
flow,1
mark,3
mill,5
responds,3
patient,4
meanwhile,1
hush,2
record,4
jumpin,1
early,5
file,5
bagged,1
kept,3
hop,5
beef,1
spit,1
lay,3
grocery,1
aching,1
bout,5
micom,2
contrast,3
color,4
bowknot,1
womengirls,1
zip,1
po,2
convertible,1
bestseller,2
child,23
pvc,1
cartoon,2
buckle,4
casual,3
stylish,3
fossil,1
dawson,1
appears,16
arriving,1
ridah,1
tremont,1
hall,3
charlotte,1
nc,1
concert,5
variety,3
pack,8
snack,2
redbull,1
breaking,17
fairfax,2
firefighter,6
placed,2
admin,1
amid,2
probe,1
putting,5
dept,3
rchs,1
football,9
coffin,1
locker,3
room,11
tommorow,1
flower,3
printed,1
chain,4
small,7
zipper,2
tho,8
institute,1
chairman,1
russian,7
update,16
va,1
administrative,1
officer,6
send,21
middle,10
typical,2
nine,1
giant,6
sized,2
garbage,2
moving2k15,1
expertwhiner,1
cutekitten,1
catsofinstagram,1
summerinsweden,1
katt,1
katterp,1
dumle,1
dagens,1
handle,2
lattice,1
studded,1
multi,2
colour,9
takin,1
bigger,2
whole,25
irandeal,5
congress,3
drinking,6
driving,12
sweeping,1
leg,5
shoot,2
heal,3
smile,6
geometric,2
gasparc,1
designer,1
qualit,1
buying,3
hampered,1
liking,1
ella,1
vickers,1
machine,4
washable,1
zicac,1
briefcase,1
investigating,3
washington,3
canvas,2
waist,2
solid,2
letter,4
coffee,6
listen,19
positive,4
energy,4
youth,4
norge2040,1
beforeitsnews,1
derivative,2
quadrillion,1
firework,1
namjoon,1
fantastic,5
bye,1
omg,11
halsey,1
troye,1
collab,1
anyway,5
threat,10
zumiez,1
location,1
jen,1
ahh,2
baby,28
mail,4
impact,5
ratio,1
kyle,4
flat,7
whatcanthedo,1
appropriate,1
jamaican,1
mf,5
lyrical,1
amazing,7
vocalist,1
melanie,1
fiona,1
slept,1
hutch,2
rocking,1
mlb,1
bombed,20
rogers,1
centre,11
offs,1
bluejays,4
bell,5
moseby,1
barfield,1
screenshot,1
nowt,1
fergie,1
drinker,1
within,4
wenger,1
tolerance,1
sharing,2
democracy,3
iraqi,1
mutilated,1
cheetos,1
true,8
bin,1
laden,1
uncle,3
hopefully,4
afghanistan,2
liberal,1
compassion,1
specific,2
traditional,2
sexist,1
value,3
recover,2
according,6
batista,1
lauren,3
pas,7
lax,1
benedict,1
cumberbatch,1
gif,1
africansinsf,1
beyondgps,1
wasp,1
dive,1
misfit,1
bombing,3
kinder,1
bill,4
clinton,4
nato,1
marshall,2
state,22
dambisa,2
moyo,2
oped,2
throw,5
bridge,5
parade,1
blower,1
tuffers,1
aussie,6
batting,1
trent,3
reminds,2
stuff,8
engvaus,2
england,5
bundled,1
leicester,1
merc,1
icymi,2
illuminated,1
brightly,1
kou,1
cash,2
register,4
greatest,5
boxer,3
outta,3
whatevs,1
mentally,2
preparing,2
infosec,2
often,3
kelly,1
pledge,1
allegiance,1
epic,5
challenge,4
rescuing,1
saving,6
soaking,2
tonne,1
alcohol,4
mat,2
gbbo,16
looting,2
store,5
hazard,31
installation,2
non,5
cladding,2
booty,1
write,6
prohibits,1
grill,9
condo,2
rise,15
insurance,11
aust,1
wednesday,5
rdg,1
straighten,1
brother,12
swooping,1
scare,2
glue,1
progress,3
age,7
content,48
sigmund,1
freud,1
uh,2
robbie,1
ross,9
derby,4
redsox,1
popcorn,1
shower,8
flush,1
lining,1
barn,2
ground,7
moon,7
mizuta,1
cheese,5
klondike,1
alton,1
livestream,1
touched,1
plate,4
joke,2
spent,6
runkeeper,1
loseit,2
stevie,1
crusty,2
op,2
twice,6
tounge,1
pepperoni,1
yesterday,6
lifting,3
weight,5
qvc,1
mcdonald,1
coolest,1
mph,1
brisk,1
pace,3
myfitnesspal,1
rl,1
boyfriend,3
clothes,5
recorded,2
noodle,1
crap,7
grilled,1
sandwich,1
wish,10
figured,1
joked,1
wood,3
cubstalk,1
keithyy,1
gettin,2
social,8
oven,1
microwave,1
intead,1
dirt,4
bike,2
yall,4
bug,5
raining,3
candle,2
cocoa,1
sip,1
nap,3
awesomesauce,1
hermancranston,2
atk,2
letsfootball,2
skanndtyagi,2
wired,5
fat,9
routine,1
weightless,1
fatburning,1
burnfat,1
skinny,1
workout,3
except,5
idk,5
kanger,1
coil,2
vaping101,1
attendee,1
modest,1
certainly,3
sniff,1
sniiiiiiff,1
er,1
donny,1
returned,1
method,4
integrates,1
format,1
interval,1
muscle,4
shaping,1
techniqu,1
bored,4
desire,14
goal,7
lou,2
holtz,1
uhhhhh,1
demon,3
hunter,3
crusade,1
boat,9
memory,6
web,1
stack,2
apply,9
parent,7
paying,1
influencers,1
socialtimes,1
understand,7
ika,1
tuning,2
soup,4
diet,5
recipe,4
recip,1
ticket,11
accidentally,3
lighter,1
mmmmmm,1
oooooohhhh,1
oooh,1
ooh,2
protest,3
rally,1
stone,8
atleast,1
individual,2
living,4
hear,15
kca,1
votejkt48id,1
duckvillelol,1
flip,3
table,3
screw,2
dr,7
ppl,9
etc,4
sex,13
be4,1
attempting,2
delany,1
dhalgren,1
beastly,1
downing,1
amongst,2
description,5
ruin,39
retweet,2
lion,4
saved,4
chase,4
weak,2
winston,2
battling,1
monster,2
pulling,2
ali,1
flew,2
plane,4
ran,4
booradleyvancullen,1
storen,1
curing,1
cancer,4
puppy,4
contemplating,3
deserve,2
disrespect,1
destroying,2
meteor,1
crashing,2
acted,1
flamethrower,1
understood,1
murderer,14
ted,5
bush,11
mitt,4
health,14
hillary,2
standwithpp,2
holiday,6
relax,4
sunbathe,1
spain,3
scotland,2
wet,5
triumphant,1
egg,4
yolk,1
casualty,22
honest,1
rampage,1
reined,1
account,8
falling,9
stool,1
paved,2
hypocrisy,1
francisunderwood,1
hoc,1
tuned,1
idc,4
whimsy,1
pertains,2
toronto,4
branch,1
surety,1
underwriter,2
course,16
property,11
80,1
wave,29
aid,1
grown,1
watching,15
quality,4
licensed,1
agent,1
produc,1
denver,2
become,13
gritty,1
thursday,6
amico,1
tag,5
amicospizzato,1
seeyouatamicos,1
recall,2
sends,1
industry,6
alone,14
telling,4
homealone2,1
film4,1
metric,3
correlate,1
marketwatch,1
expected,4
independence,1
rowyso,1
setlist,2
canceling,1
warship,3
france,4
agrees,2
repay,2
russia,5
conning,1
strong,4
portfolio,1
diversification,1
insurer,7
roleplay,1
hunt,4
willinghearted,1
rpn,1
agreed,2
delivered,1
migrating,1
iphoto,1
catastrophe,28
wasted,1
hrsto,1
cultivating,1
joy,7
suffering,3
pjnet,1
tcot,4
ccot,2
borrower,1
concerned,4
interest,3
rate,9
destruction,29
puppet,1
republic,3
naemolgo,1
continue,2
firmly,1
yiraneuni,1
failure,15
misfortunebut,1
athlete,1
teacher,5
principle,2
fulfilling,1
clerical,1
duty,5
iphone,3
twist,1
ultimate,3
preparedness,4
ov,1
envision,1
prevent,8
placing,1
adoption,1
stylist,1
silent,2
prime,3
bless,3
diff,2
barry,2
solo,2
generally,4
pisces,1
emotional,10
cara,1
aka,5
chucker,1
scene,4
vmas,1
pixelsmovie,1
burford,1
lorry,1
usual,2
council,1
co,12
field,2
adjuster,1
safeco,1
liberty,1
mutual,2
spark,1
payday,2
promote,2
finance,1
liqd,1
rated,2
imdb,2
hilarious,8
ceo,8
divestiture,1
loss,5
temper,4
q2,1
perfectly,2
controlled,2
caused,4
reckless,2
bottom,4
three,6
regular,4
rockstar,1
alaska,2
wolf,3
denali,1
population,5
plummeted,1
savedenaliwolves,1
tweetstorm,1
finished,2
becomes,3
race,3
success,4
frustration,1
vega,4
pieceofme,1
catastrophic,10
benefit,3
reveillertm,1
macabrelolita,1
amino,1
acid,1
nearly,8
custom,3
rom,1
manager,6
wearing,4
uniform,4
implication,1
glove,1
british,7
manservant,1
pampered,1
wealthy,2
brit,2
reversal,1
netanyahu,1
religious,1
excited,4
ensuing,1
debt,2
audio,5
stream,7
assume,1
nuclear,31
defendant,1
disagreement,1
general,9
occurrence,1
clear,3
response,4
hazardous,15
chemical,18
management,4
armory,3
sf,2
bay,3
chem,2
upsetting,1
bee,5
science,1
company,13
savebees,3
instead,11
toxic,1
harm,37
opening,9
downtown,7
seattle,5
dependency,4
counselor,5
intern,4
alert,1
unit,2
simulate,1
explosion,19
nu,1
watersafety,1
included,1
planning,3
plant,4
term,3
obsessed,2
nueva,1
favorita,1
liquidation,1
object,2
usar2015,1
usar15,1
ruor,1
hungry,5
ban,5
fortunately,1
reworked,1
plumbing,1
draw,2
glitter,1
pipe,3
chance,15
ibiza,1
pop,9
drunk,6
cliff,27
noooooooo,1
proceeds,2
neil,1
yr,4
crossfit,1
flash,4
decent,2
billers,1
promoted,1
billing,1
humble,1
regress,1
slip,3
mate,1
faved,1
photographer,2
brian,3
ruebs,2
endures,2
climb,3
bride,5
groom,3
alex,3
minion,2
favor,3
andre,1
gore,1
elite,2
thinkpink,1
magichairbump,1
adding,2
sleep,5
struggling,1
balance,2
currently,4
lil,8
trip,6
ferry,1
crack,5
knocking,2
gulfport,1
jump,2
tea,4
yoenis,1
production,1
edge,2
ha,6
kidding,2
esn,1
cilla,1
stroke,2
revealed,3
visit,2
easily,5
shadow,3
internet,10
nieuws,1
technique,1
vinyl,5
bundle,2
warne,1
ponting,1
shocked,1
australian,3
yahoo,2
cricket,2
india,5
barbaric,1
saudies,1
relive,2
austrian,1
trapped,27
collapsed,22
circus,2
tent,5
clown,1
implode,1
enabling,1
commodity,2
escaped,1
absolutely,11
eminem,1
nate,1
dogg,1
timestack,1
mesmerizing,1
image,15
knee,5
4th,1
test,11
reaction,1
sa,3
mp,1
ferrochrome,1
verge,1
list,8
question,11
president,4
oral,2
fixing,3
pak,1
sl,1
wi,2
rsa,1
bd,1
sham,2
reacts,1
growth,1
dry,3
bhp,1
billiton,1
bite,4
roh3,2
jfb,1
tfb,1
alrasyid448iturasya,1
correction,3
smantibatam,1
roh3smantibatam,1
mgn,1
africa,4
pin,3
263789f4,1
blasted,1
pancake,2
iowa,1
lowered,1
401ks,1
gut,1
deutsch,1
musik,2
monarchy,1
german,6
bake,4
dorret,5
chocolate,4
gateau,2
jan,1
catching,1
phil,2
gravel,2
sobbing,1
endlessly,1
crowd,2
confused,1
angry,13
tongue,8
cum,4
puddle,1
breathe,3
lung,3
zimbabwe,2
government,13
ruled,1
dictator,1
exhausted,2
heartless,2
whipped,2
animal,12
act,9
influential,1
betrayed,3
severing,1
portable,1
closet,1
3x,2
rid,3
mortified,1
heel,2
planted,1
front,12
fav,4
greek,2
fool,1
tsipras,1
cost,8
wallybaiter,1
moderately,1
munch,1
endangered,1
specie,2
piano,1
entertainer,1
ep,5
collide,29
ripple,1
tide,3
survive,29
cigarette,3
immediately,2
locked,2
jogger,1
awkward,2
efs300,1
trek,1
pluto,2
charon,1
gucci,1
chosen,3
shanghai,3
commercial,5
avenue,2
thunderstorm,9
singing,5
untill,1
fill,5
fri,2
sat,4
nlccollide,1
touchdown,1
pierce,1
veil,1
rubber,6
bracelet,1
wristband,1
soultech,1
mix,8
reality,1
strange,4
glitch,1
gamma,1
january,1
reunion,1
witch,2
castle,3
supernatural,3
sibling,2
rivalry,1
magic,4
wogc,1
align,1
bowery,1
electric,3
vancouver,2
host,3
100,1
event,5
including,2
isea2015,1
isle,1
tlc,2
suddenly,1
sunday,7
powerful,4
coincide,2
finer,1
subatomic,1
spell,2
devia,1
ler,1
wattys2015,1
wattpad,2
teenfiction,1
either,9
simple,5
cyclist,3
collided,17
runner,1
roanoke,1
greenway,1
civil,3
verdict,1
podcast,1
ihave44episodesofgg,1
nojoke,1
none,7
managed,1
reach,3
curse,1
selfie,3
ask,8
ii,6
lanjut,1
dirumah,1
yagitudeh,1
jake,2
rumah,1
cipinang,1
assault,1
useless,1
force,7
however,3
penetrate,1
pleasure,2
huzzah,1
vermilion,1
slithering,1
viscous,1
gold,8
yeahs,1
erykah,1
badu,1
anna,3
alaskaseafood,1
askforalaska,1
looked,3
posted,2
happily,1
ninja,1
commence,1
drob,1
dan,7
hughes,3
san,6
antonio,1
carted,1
guard,5
worse,9
constitutional,1
politic,1
justinbieber,1
harrystyles,1
cern,1
oo,1
harrybecareful,3
fe,1
spring,6
studebaker,1
south,6
trfc,2
collision,10
inj,3
rear,5
dilawri,1
thisisfaz,1
techesback,2
tech,6
bernardino,1
i10,1
eo,1
redlands,1
blvd,1
innovation,2
gadget,3
ima,2
solve,1
division,2
celestial,1
separate,1
trajectory,1
intertwine,1
warned,4
burn,8
rhett,1
motogp,1
indianapolis,1
espargaro,1
layout,2
bought,5
endorsement,1
starting,5
expensive,2
slamming,1
lesson,1
learned,1
lover,3
crashsterling,1
carmel,1
joeysterling,1
knight,1
alright,4
rant,2
apparent,1
xoxo,2
cpanel,1
josh,1
salyers,1
blair,1
jenna,1
prayer,2
invited,1
feelin,2
photoshop,4
tool,6
guide,11
cs6,1
kinetic,1
typography,1
dat,1
liable,2
helmet,1
silvery,1
karnal,1
sampling,3
pbcanpcx,1
scheer,1
huebel,1
downloading,1
crashed,14
tutorial,5
4am,1
near,7
laughing,4
havnt,1
windows10,1
thief,2
hicksville,1
stole,2
fled,1
skype,1
restore,4
faster,1
overtook,1
tru,1
luv,1
typing,1
ant,1
note,3
honestly,6
nightmarish,1
stressful,2
parked,1
modestmouseremix,1
truestory,1
husband,1
posting,3
crush,34
womem,1
wce,2
wedneday,1
loveyouuuu,1
aintsheperty,1
bestfriends,1
samel,2
overrated,1
justin,2
bieber,2
master0fsloths,1
mariah,1
gorgeous,2
moe,1
bouta,1
mrrobinson,1
thesteveharveyshow,1
vibe,1
lively,1
vine,6
yhngsjlg,1
tweeted,1
wen,2
mediocrity,1
realize,3
tiffanyfrizzell,1
ive,2
sooo,1
fitz,1
tantrum,1
playa,1
kenny,1
holland,3
crushed,27
popeyes,1
bhavana,1
wrapup,3
cable,13
disney,16
disappoints,3
squirrel,2
bone,2
mortar,1
pestle,1
bio,3
worstsummerjob,3
edwin,1
mango,1
edwing,1
gym,3
flurry,1
clearly,2
priority,2
ortiz,1
bunting,1
forefather,1
ouch,1
clelli,1
christ,2
km,2
nike,3
sportwatch,2
gps,3
nikeplus,2
papi,1
reap,4
nick,1
ayekoradio,1
brasswork,1
agency,3
shaken,1
netlabel,1
electronicmusic,1
ccmusic,1
disillusioned,1
crowe,1
trope,1
intact,1
nora,1
jones,2
empire,2
chapoutier,1
crozes,1
hermitage,1
purple,3
violet,1
slate,1
pepper,3
yum,1
wine,2
thirst,2
curfew,32
shut,3
freshman,1
spend,4
campus,3
overtime,2
stuck,2
kodak,1
exofficio,1
brief,1
info,11
wnd,3
cld,2
sct014,1
bkn032,1
exp,4
inst,3
apch,3
rwy,3
oper,3
taxiway,3
foxtrot,6
navbl,3
tmp,3
nope,1
private,2
tutor,1
preferably,1
grove,1
smfh,1
final,5
goodbye,3
graduated,1
oth,1
cancel,3
cat,16
doctor,3
appointment,1
decided,5
damp,1
qnh,1
oldest,1
freedom,4
donthate,1
sct012,1
bkn025,1
rite,1
tlk,1
widout,1
nuh,1
fi,2
steal,2
di,8
itz,1
rubbery,1
dem,1
knw,1
worried,1
bc19,1
late,5
pray,9
bark,1
unlocking,1
judge,5
5pm,2
wonder,14
lim,1
9pm,2
leh,1
walter,1
rewatchingthepilot,1
teamscorpion,1
cyclone,11
photography,2
bolt,2
pp,1
400dr,1
outlet,2
purpose,1
4k,1
de,10
jhaustin,2
ames,2
tribune,2
asks,2
tom,5
interview,8
given,4
mercury,2
gt,5
hood,1
moulding,1
core,1
cobra,2
jet,1
429cj,1
passion,1
overblown,1
majesty,1
emperor,2
salman,1
khan,1
unstoppable,1
humanity,3
bajrangi,1
bhaijaan,1
crosed,1
cr,2
sama,1
jailed,1
fate,3
rindou,1
vroman,1
blending,1
vanuatu,1
cherry,2
outfit,2
ootd,1
doubleghats,1
ascend,1
damage,24
drop,5
union,5
supportive,1
economically,1
300m,1
gta,6
collateral,1
fitness,3
solution,4
complaining,1
phoenix,6
emblem,1
gigant,1
wha,1
windy,1
reusing,1
advanced,2
equipment,6
transit,2
drumming,1
champaign,1
fdbdp,1
carful,1
spotting,1
baggage,1
wy,1
mages,1
fairy,2
tail,1
specialize,1
natsu,1
dragneel,1
af,5
upgraded,1
shitton,1
exclusively,1
playthrough,1
tree,9
fence,1
homeowner,1
nda,2
offer,7
prolly,1
np,5
metallica,1
inc,2
anymore,8
thesensualeye,1
model,6
apr,1
pussy,7
boob,1
asian,2
devil,2
vergil,1
agnus,1
mission,2
dmd,1
leedstraif,1
warning,2
queenswharf,1
brisbane,1
fuckboy,1
constantly,4
frequently,1
danger,27
distraction,1
wildlife,1
rockin,4
preview,5
artistsunited,3
fish,5
eaten,2
poisoned,1
preservation,2
imposition,1
african,2
imagined,2
grain,2
wheat,1
anger,3
trespass,1
lest,1
fettilootch,3
slanglucci,3
oppression,3
govt,6
ethical,1
moral,1
relevance,1
slide,4
especially,3
permit,2
hunting,1
outnumbering,1
license,1
petersburg,1
repair,3
recent,4
nonprofit,1
partnership,1
victoria,1
arsenal,2
west,4
ham,1
relegation,1
afc,2
excitement,2
underwater,1
cave,2
diving,6
else,13
protection,1
tattoo,1
spider,4
smth,1
critical,2
pundit,1
grave,1
rail,1
skyler,1
dangerous,7
rest,4
investigate,2
robert,3
mueller,1
respond,2
complaint,3
nov,1
fear,45
logic,2
situation,1
courage,1
engage,1
norse,1
atmosphere,2
boring,2
snotgreen,1
wasteland,1
4sake,1
argsuppose,1
pre,7
born,2
attained,1
individl,1
courtof,1
forbids,1
killing,2
goku,2
birb,1
naaa,1
legit,3
sore,2
bus,11
serious,2
luis,1
hhahaha,1
confirm,2
yh,1
iwasdisappointedby,1
telltale,1
gameplay,4
waved,1
misled,1
sake,1
askcharley,2
flaming,3
stark,1
esp,1
debate,8
download,13
lmaov,1
trend,3
babalmao,1
nyozi,1
kwaaaaa,1
noooooooooooo,1
bailed,1
nite,1
b4,2
emmerdale,9
wyrmwood,1
summerfate,5
bff,4
hold,10
otp,1
grandma,1
ssshhheeesshh,1
vibrator,1
shaped,2
vape,1
busted,1
pro,3
console,2
ring,4
ferguson,4
papiichampoo,1
era,1
civility,1
prez,1
iranian,2
cousin,4
hang,4
rss,1
texas,9
recognize,3
spouse,1
certificate,2
loyalty,1
involves,1
kicking,1
shitty,3
nobleman,1
elven,1
weirdo,1
katherine,2
starve,1
bash,2
comparison,1
shouting,1
crime,2
knowing,1
punishable,1
uploading,2
smoochy,1
awakening,1
bicentennial,1
molys,1
slain,1
mexican,1
journalist,1
unknowingly,1
predicted,1
sedan,1
afghan,1
mullah,2
omar,1
pusssssssssy,1
shoook,1
trial,3
cecilthelion,2
postponed,1
anniversary,2
marilyn,1
monroe,1
ripriprip,1
ari,2
hint,1
snippet,1
bigamist,2
pregnant,3
nephew,1
breast,1
milk,3
superfood,1
worldwide,2
stalled,1
contributing,2
resistant,4
infection,1
adiossuperbacterias,1
irony,1
usually,6
objective,1
lunch,4
stewart,2
julian,1
earlier,7
annoying,3
stat,1
auto,1
applies,1
lightrail,1
adult,6
chrissie,1
adam,2
val,3
finn,1
walmart,1
step,8
safe,3
innovative,1
awash,1
abstract,1
dustpig,1
explains,4
deluge,32
nature,4
feed,7
seems,5
organizing,1
important,1
btw,2
signed,7
niagara,1
package,1
yyeso,1
apologise,1
sincerely,1
inevitable,3
grudge,1
decide,3
unfollow,1
baking,1
eulogy,1
whatsapp,2
tormented,1
matias,1
xavier,1
wa,2
july,3
china,23
delaying,1
fundamental,1
valuation,1
stock,30
despite,2
cuana,1
minded,2
forrestmankins,1
camping,2
trois,1
rivieres,1
legionstrackandfield,1
naked,2
normally,1
embrace,1
odd,4
torso,2
scale,2
unprecedented,1
favs,2
turned,11
torrent,1
client,4
recommended,1
java,1
swing,3
us,5
dynastic,1
legendary,1
period,2
dumuzid,1
shepherd,6
encaustic,1
cerography,1
portion,2
byityf,1
rain,16
forecast,1
dressing,1
incessant,1
bible,1
unloads,1
descriptive,1
indecency,1
differently,1
pt1,1
slew,1
hosting,2
fixed,2
unfml,1
boyhaus,1
heaven,5
warm,3
montana,1
madison,1
evening,7
f,10
gishwhes,1
soaked,1
pad,1
tampon,1
wrinkled,1
decayed,1
teaching,2
asking,5
ren,1
shadowman,1
monstrosity,1
hough,1
jeff,3
dougkessler,1
b2b,1
b2bagency,1
slideshare,1
contentmarketing,1
healing,3
translated,1
vince,2
mcmahon,2
billionaire,2
losing,4
nfl,4
deflategate,1
incremental,1
caring,1
wanting,4
missing,6
asae15,1
exhibitor,1
email,2
assnchat,1
meditationbymsg,1
meditation,1
divine,1
blessing,6
peaceful,3
avoiding,1
downright,1
novalismi,1
joseph,1
mallord,1
william,2
turner,1
shade,1
darkness,3
clicca,1
sul,1
titolo,1
ton,2
telemarketing,1
deluged,20
local,3
susinesses,1
invoice,7
stlnd,1
shape,10
likely,14
pile,11
colo,1
lzkely,1
poorly,2
indie,1
fiction,1
escaping,1
ri,1
togthe,1
abe,1
invokces,1
bcz,1
senate,3
murphy,1
junk,2
quiz,16
address,4
fuckface,1
com,2
spam,1
meant,3
inroices,1
oup,1
shame,5
invzices,1
sllikely,1
commerce,1
ogt,1
colomr,1
forgive,1
testy,1
hatred,1
patience,7
afterwards,1
savour,1
prolong,1
intensity,1
sigue,1
enugu,7
demolish,28
illegal,5
structure,6
international,9
conference,6
doone,1
architect,3
permission,1
birmingham,1
natwest,1
replace,6
tallest,1
ce,1
badotweet,1
bait,1
patriot,2
hater,1
worker,5
brady,3
discussion,1
etoffe,1
charmeuse,1
clothesless,1
precisionistic,1
vestment,1
psfda,1
hahah,1
preset,1
bal,1
nades,1
radar,1
boundary,2
seem,2
unconsciously,1
negative,3
midget,2
inspiration,1
freaked,1
akwa,1
ibom,1
uruan,1
ex,2
assembly,3
warns,1
udom,1
emmanuel,1
remains,2
laundry,2
kp,1
root,7
absurdly,1
manhood,1
postal,1
sell,1
completed,1
quest,5
murlo,1
android,1
tribez,1
androidgames,1
gameinsight,1
babri,1
todayhave,1
revenge,1
businessman,1
foiled,1
troupe,1
racial,1
breakdancers,1
counter,1
orianna,1
xd,5
arin,1
gummy,1
grumpout,1
srsly,1
partner,3
dribbling,1
nostril,2
urself,1
whether,4
embarrassment,1
charminar,1
engineer,1
opinion,3
telangana,1
beastin,1
tapa,1
folk,3
funtimes,1
demolished,21
64oz,1
jar,1
whine,1
integrity,3
cantmakeitup,1
patriotsnation,1
utterly,2
embarrassed,1
indy,1
saddlebrooke,3
sounder,1
finish,3
meerkat,1
periscope,1
snowball,1
home2,1
suite,1
salvi,2
bistro,2
former,5
trump,9
election,5
became,2
marquis,1
carlos,2
dublin,1
youd,1
demolition,23
bo3,1
selection,1
consistently,1
freestyle,2
maxsys,1
halifax,1
metrotown,1
resulting,1
maintained,1
burnaby,1
changefortheworse,1
factor,2
consider,4
noxdv,1
remaining,1
section,4
greystone,1
psychiatric,2
hospital,5
witnessed,1
psa,2
der,1
abbruchsimulator,1
waterway,2
achimota,2
fkn,1
pleb,1
ffa,1
foodstand,1
fairground,1
finishing,3
9am,2
appreciated,1
demo,1
joining,2
kenosha,1
ahhhhh,1
fix,4
alec,1
med,3
tort,1
comp,1
injustice,1
mh,1
tone,1
cont,1
giveaway,2
kit,7
dren,1
forever,8
quarter,2
detains,1
seven,4
moved,5
orca,1
island,4
zhejiang,1
widespread,1
removal,3
removed,1
jose,2
willow,1
glen,1
trestle,1
canberra,1
mr,5
fluffy,1
schedule,4
released,13
intriguing,1
dominant,1
jobbing,1
gm,7
enemy,5
derail,18
destiny,5
flood,34
wmata,1
morn,1
sm,3
birth,2
blaming,1
bloomberg,1
publish,1
public,11
aim,1
remain,2
unite,1
freesikhpoliticalprisnors,1
alllivesmatter,2
incredibly,1
racist,2
necessary,2
tubestrike,5
mood,6
pisco,1
coya,1
wsjthinktank,1
colleenmnelson,1
campaign,4
various,1
buyout,1
6bn,1
worldpay,1
ipo,1
renamed,1
italian,2
goonda,1
motley,1
hooligan,1
selfavowed,1
crook,1
determined,1
blacklivesmatter,1
establishment,1
donzilla,1
trump2016,1
democrat,2
afraid,2
meddling,1
adani,1
modi,2
derailed,9
backed,1
coal,1
worthless,1
illustration,2
subway,2
freeing,1
doc,1
newidea,1
title,5
identitytheft,2
taxreturn,1
cleaning,1
cri,1
different,9
barely,2
nigh,1
dropping,2
si,3
top25,1
dw,1
chipper,1
durban,1
main,1
robertwelch,1
cutlery,1
benchmark,1
path,3
leak,2
resque,1
perceive,1
faintly,1
sputtering,1
vast,1
desolate,19
glacier,1
eternity,1
gyrsi,1
likened,1
producer,1
garden,5
valley,2
transformed,2
thriving,1
hub,1
hi,8
onthisday,1
mayflower,1
sail,2
hav,1
attitude,1
sht,1
atl,1
fran,2
flight,1
r3do,1
soundcloud,6
daniel,2
sacrifice,1
abomination,3
maketh,2
significance,1
gotten,5
mason,1
dixon,2
electro,1
violin,1
psalm34,1
redeemeth,2
servant,2
brutally,1
mum,2
hundred,5
pilgrim,1
unimpressed,1
mirad,1
antichrist,1
desecrates,1
jerusalem,1
temple,1
matt,1
spyro,1
texture,1
photoset,1
littlebitofbass,1
silinski,1
ed,2
sheeran,2
hobbit,9
desolation,29
smaug,11
premiere,1
thranduil,1
figure,3
loose,7
mirkwood,1
tangled,1
isai,1
psm,1
conspiracy,2
scattered,1
unto,1
thriller,3
suspense,2
amreading,1
uv,1
digital,2
gin,1
listia,1
josephus,1
antiochus,1
epiphanes,1
panic,36
despair,2
aug,5
lamb,1
intro,1
hd,4
trouble,29
persistent,1
fasting,1
forth,2
lake,7
abject,1
theatre,2
sudden,2
neither,4
wicked,2
cometh,1
thy,2
coyote,1
alcoholism,1
addiction,2
forgiving,1
ghe,1
escape,4
orshow,1
loop,2
named,2
bilingual,1
winter,4
tumblr,2
al,5
necro,1
agalloch,1
imagini,1
noi,1
clipuri,1
cliptv,1
desolationofsmaug,1
poze,1
thehobbit,1
sow,1
putin,3
western,3
masse,1
causing,7
backlash,1
plot,2
futurea,1
totalitarian,1
employ,1
known,4
literature,1
rebahe,1
ashes2ashes,1
ginga,1
defeat,1
drago,1
ops,3
search,4
hunted,1
snd,1
competitive,1
multiplayer,5
dilutional,1
institutionalize,1
sued,1
slander,1
shantae,2
smash,4
wii,1
shantaeforsmash,1
shantaehalfgeniehero,1
nintendo,1
ng2x5,1
mhtw4fnet,1
jordan,2
meme,6
baiting,1
camper,1
foxsportscom,1
galaxy,1
yiayplan,1
amiibos,1
boylesports,1
casino,1
displeased,1
five,6
jamaica,1
congrats,1
reggaeboyz,1
crackdown,7
multiple,2
server,5
copped,1
eur,1
bwin,1
beconfident,1
weakness,2
brbrs,1
fousey,1
2hours,1
tryna,6
exposed,1
cow,1
childhood,2
convincing,1
compelling,1
evidence,4
view,13
denier,1
tend,1
rich,3
decrease,2
moth,4
oppa,1
oops,2
haaaaaa,1
dazzle,1
catch,3
monwabisi,1
hlongwane,1
ryt,1
twin,5
ashestoashes,1
ate,1
mataas,1
kc,1
rating,2
ambition,1
voted,2
nkea,1
gambia,1
mercenary,1
foxa,1
cmcsa,1
sni,1
amcx,1
viab,1
twx,1
swim,5
lonely,4
lifeguard,1
hated,3
daughtery,1
emotionally,3
driven,3
factual,1
basis,2
illusion,1
fn,1
phew,2
meat,8
incinerator,1
pulkovo,1
airport,1
grenade,1
hoe,2
felt,6
namekians,1
hitter,1
pitcher,3
blow,4
ethereal,1
specialguest,1
crapgamer,1
recap,1
gamescom,1
porn,5
milf,1
oiled,1
size,5
cock,4
closeup,1
silas,1
sliced,1
headlinelike,1
chopped,1
cabbage,1
gh,1
stuart,6
broad,7
yuvi,1
ontario,2
developer,1
restricted,4
demonstratio,3
greed,1
takecare,1
foreboding,1
enhanced,1
expansive,1
saturation,1
hue,1
authority,1
sanctioned,1
vladimir,1
press,10
homebuyer,1
miscalculation,1
mwjcdk,1
fly,2
workspace,1
forsee,1
badkitty,1
thisiswhywecanthavenicethings,2
spec,1
lore,1
salvage,1
banned,18
border,1
styled,1
undergroundbestsellers,1
divided,2
matthew,3
megadeth,2
symphony,3
thingsihate,1
ruined,2
arrogant,1
appetite,1
billboard,1
equal,4
roskomnadzor,1
ridiculously,1
politicized,1
propelled,1
wb,1
marquei,2
como,2
visto,2
1x1,1
bancodeseries,2
temptation,1
user,9
detonate,25
killer,9
apollo,11
ft,5
stuns,2
aw,3
touch,6
jtw,1
heavyweight,1
rapping,2
lemon,2
orapinforma,1
hhbu,1
mello,1
message,5
grandeur,2
nottingham,1
autumn,3
launch,1
hoped,1
isi,10
ventilated,1
marine,2
bandolier,1
dix,1
featuring,1
ignition,15
knock,16
detonation,22
sensor,17
senso,8
mazda,1
0l,2
v6,1
connector,4
connecto,3
motorcraft,2
wpt,2
ks161,1
ks57,1
quote,9
esteemed,1
belt,3
regarding,3
esevu,1
googlemaps,1
mashup,1
calculates,1
touching,1
obtaing,1
rank,1
electrical,2
transcription,1
butiqob,1
delphi,1
as10004,1
realistic,1
asset,1
entering,3
koz,1
smp,1
ks315,1
ks100,1
waterproof,1
weiqin,1
famous,3
brand,3
michel,1
lujo,1
beck,1
arnley,1
acdelco,2
trivium,1
acura,1
rsx,1
l4,1
fashionable,2
mountaineering,2
water,18
leisure,2
tab,2
dorman,1
ford,2
6l,1
v8,1
ks111,1
devastated,12
tyler,2
blackburn,1
pll,1
foto,1
isnt,1
realised,2
actor,2
rossbarton,1
confirmed,2
gobsmacked,1
bairstow,1
dropped,2
buffet,1
lad,1
allegation,2
cain,2
minister,3
obsolete,1
devastation,9
ashes2015,1
shock,2
rope,1
corp,1
breach,1
coverage,1
argentina,1
reported,2
elation,1
helping,5
fascinating,1
korea,1
propaganda,1
closed,3
momneedscoffee,1
asap,4
iwontmakeit,1
blasting,1
benediction,1
sanelesstheory,1
forgot,3
major,6
disaster,40
jon,2
mclaughlin,1
staining,1
attempt,2
emotion,5
setting,4
iron,1
fist,2
devereaux,1
exciting,2
scifi,2
environmental,2
browser,8
existant,1
photogenic,1
gosh,1
gunman,1
cinema,3
locke,2
pitch,3
playoff,4
positively,1
van,2
nuys,1
30pm,2
fez,1
equation,1
outburst,1
displaced,10
aggression,1
sux,1
openly,2
accuses,3
nema,2
stealing,3
relief,2
material,2
idp,3
internally,5
wom,2
opened,3
museum,2
strategicpatience,1
strategy,3
genocide,1
refugee,12
circular,1
gn,1
nm,3
diaspora,1
label,1
drought,6
tip,6
finding,1
ego,2
dqsvyusy,1
dam,1
bud,1
hill,3
anderson,1
scwx,1
eerie,1
revealing,1
cadrought,1
lakeisabella,1
mane,1
raider,1
gecko,1
chillin,1
suspected,1
carry,4
anchor,2
sea,7
porcupine,1
lowkey,1
choke,1
ev,1
mustard,1
sad,8
older,1
native,1
ocean,3
created,4
urine,1
insult,2
devote,1
pride,1
ten,4
fold,1
reprocussions,1
retroactive,1
noise,3
whiskey,1
nathan,1
potentially,2
horizon,1
information,7
utp,1
sorrow,2
brb,1
allthekidneybeansandsorbet4misha,1
drowned,18
nataly,1
steak,2
cheer,1
clev,4
kiddie,1
ploppy,1
jacksonville,2
memorial,2
planned,9
gamergate,3
yellow,2
labor,1
fnaf,1
fanfiction,1
trixie,1
pageshi,1
proxy,2
promo,1
ashley,1
existence,2
surface,3
noooo,1
uplifting,1
tracking,2
scraped,1
summer2k15,1
remorse,2
pam,2
jason,1
coalition,1
fondness,1
backing,1
totalitarianism,1
surprise,7
copied,1
sketchbook,1
biting,1
mask,1
drowning,25
caitlin,4
kiernan,4
centipede,4
numbered,4
mourns,1
superhero,2
epilepsy,3
bradley,1
diebold,1
suffered,1
epileptic,1
explanation,1
request,2
provided,1
annoucement,1
nashsnewvideo,1
sometimesi,1
anxietyproblems,1
jacket,2
common,9
dravet,1
drowns,1
wash,1
islamic,2
brochure,1
swimming,2
range,2
downside,1
jarmusch,1
vampire,1
blank,1
expression,1
cheek,1
clapping,1
marvins,1
subtlety,1
actavis,1
suicide,8
hw,1
ohlordy,1
bg,1
brunt,1
storm,33
grayed,1
dust,13
interspersed,1
cloud,5
sneezing,1
southern,1
talkin,1
smack,1
trailed,1
colin,1
goodness,1
maintenance,5
fee,2
la,4
rotary,1
uvopwz,1
screenshots,4
combat,4
magnum,4
opus,4
cogxbox,1
xboxone,1
yelling,1
500th,1
caught,6
challenging,1
estate,2
crescent,1
formation,1
shelli,2
entitlement,1
earthquake,6
significant,3
humor,1
fart,2
creates,2
ml,1
sicily,1
italy,1
euroquake,1
gpv,1
06jst,2
6aug,4
wnw,1
12jst,1
18jst,1
usgs,1
4km,1
interlaken,1
california,6
time2015,2
utc2015,2
sismo,1
1km,1
nne,1
geyser,1
drill,4
kindly,2
electrocute,28
heated,1
blanket,2
operation,7
battery,4
d,1
elecman,1
cord,3
extends,1
tub,1
niall,2
jinx,1
edison,1
lightbulb,1
tesla,2
unsafe,2
wank,1
achievement,1
unlocked,1
replaced,1
socket,1
badly,1
brewing,1
charging,4
erally,1
unplug,1
ac,2
myelf,1
delete,2
pikachu,1
passenger,1
emilio,1
kayla,1
uk,9
bangtan,1
weallheartonedirection,2
asshole,5
fair,4
connection,1
buckley,1
jr,3
senator,3
cooking,2
electrocuted,20
crucial,1
psychic,1
stick,5
lightening,1
struck,2
backyard,2
holding,5
standing,2
cactus,1
borderland,1
borderlands2,1
oocvg,1
ftw,1
redblood,1
videoclip,1
elephant,4
fr,4
map,7
southkorea,1
electrocutedboiling,1
waterfur,1
plug,1
hairdryer,1
sweated,1
earbuds,2
charger,2
queer,1
sultry,1
rosenbergs,1
york,4
attractive,1
elsa,2
vacation,2
penneys,1
whistleblower,1
lawsuit,2
supervisor,4
dispatcher,1
boone,1
whistle,1
starter,2
wire,2
cree,12
knife,2
surgery,1
tooth,2
teeth,2
replacement,1
dental,1
cosme,1
forbid,1
importance,1
heartbeat,1
sounding,1
familiar,1
medicine,2
lennox,1
drjustinmazur,1
specialist,1
stl,1
ace,1
grille,1
mount,1
speedtech,1
amber,1
type,7
present,4
x2,1
designed,2
seed,2
vegetable,1
gear,3
mre,1
canal,1
tookitlikeaman,1
lovemydentist,1
wart,1
anchorage,1
nurse,6
practitioner,1
healthcare,3
recruitment,1
wasilla,1
ak,3
fund,4
expense,2
broader,1
conservation,1
reinstate,1
buffer,1
protectdenaliwolves,1
settlement,1
advance,2
treasure,1
outbreed,1
akx,1
lean,1
quicker,1
busty,1
blonde,2
natalia,1
starr,1
security,10
evacuation,10
interesting,10
supply,1
install,1
frp,1
tuna,1
kijangbank,1
negara,1
malaysia,1
closing,2
printable,1
template,1
reddit,54
devise,1
megan,1
swanger,1
ruthann,1
mccormick,1
daisy,1
henley,1
rs40000cr,1
lifeline,1
fci,1
waste,3
capacity,4
nw,3
workplace,3
retail,3
announces,1
counterstrike,1
accepts,1
wisconsin,1
nbc15,1
cruise,1
autism,1
specialneeds,1
english,3
french,1
arabic,1
vietnamese,1
nineoneone,1
overload,2
prompt,2
comparing,1
thats,3
brilliant,1
arse,1
providence,4
nursing,6
torrance,1
committee,2
personnel,1
veteran,6
vet,5
ensure,1
access,8
highest,1
proper,2
treatmen,1
followme,1
unsure,1
cope,2
paging,1
network,2
brooklyn,5
locksmith,1
domesticate,1
mechanic,1
circa,1
clock,1
movement,3
gba,1
hearing,4
budget,2
thurs,2
ctr,1
goshen,1
dignity,1
7a,1
30p,1
siena,1
henderson,1
missionhills,2
tfl,1
downtime,1
3p,1
30a,1
lima,1
kodiak,2
rescue,20
swedish,1
detail,2
fte,1
tarzana,1
stressed,3
hysteria,1
grey,5
misty,1
indifference,2
shutdown,1
recognised,1
performing,1
simon,2
pediatric,1
specialized,1
registered,2
engulfed,17
tribal,6
madinah,4
prophetmuhammad,4
islam,15
induced,1
tidal,1
smiling,2
jumper,1
literarycakes,1
fiery,1
disdain,1
equally,2
incapable,1
nothingness,1
emerges,1
blaise,1
pascal,1
describe,1
painthey,1
screamed,32
dear,4
lifeits,1
wld,1
golf,4
cart,2
boycottbears,1
remarkably,1
puny,1
epicentre,9
capitalism,2
epoch,1
anybody,3
circle,2
vault,2
3rd,2
tanzania,1
declined,1
census,1
september,2
defeater,1
yeaahh,1
studio,1
nowhere,1
becoming,3
cydia,1
tweak,1
jailbreak,1
evacuate,15
poem,2
cascada,1
dancefloor,1
fwd,1
jumped,2
pls,4
alllll,1
nittys,1
stockwell,1
metlife,2
alexis,1
dungeon,1
stupid,4
worked,5
quick,7
mthe,1
premise,1
upset,4
fifa16,2
tournament,2
whocares,1
perhaps,3
criminal,3
murderous,1
nazi,1
alarm,5
evacuated,4
hahahaha,2
trafford,1
odeon,1
ahrar,1
negotiation,1
zabadani,2
sunni,1
min,5
faan,1
abandoned,2
aircraft,1
mma,1
guessing,1
accidently,1
exam,1
ink,3
veld,1
refund,1
trc,1
evil,5
generation,5
roll,2
feelingmanly,1
ryan,2
explode,37
earner,5
bore,1
minutia,1
serve,2
champagne,1
mouth,1
upwards,2
nearby,14
timebomb,1
destined,1
reaching,4
loading,1
spinning,2
hitting,3
shizune,2
schwarber,2
swea,1
id,2
can,1
kaldi,1
stout,2
rin,1
misha,1
emi,1
kenji,1
yuuko,1
nomiya,1
hisao,1
philadelphia,1
eagle,1
hotnewscake,1
cervelli,1
puff,1
ill,4
tagged,1
alpha,1
doll,2
duck,4
greasy,1
tie,1
twitch,1
admit,2
seras,1
sasha,1
peice,1
exploded,24
sidewalk,1
tin,1
tesco,1
prompted,1
pet,3
chaning,1
screen,9
dress,2
otrametlife,3
whose,2
drako,1
zarharzar,1
noticed,3
mentioned,2
versethe,2
anime,1
luke,1
microphone,1
ovary,1
squeeze,2
sarcasm,2
meter,1
cosima,1
shay,1
yumiko,1
woah,1
bean,2
bastard,2
dating,2
hahaha,3
loaded,2
liver,1
joint,2
poured,1
burnt,2
tempered,5
protector,5
blackberry,5
z10,5
mental,4
dope,2
dopest,1
evolve,1
hua,1
aspiring,1
writer,4
talent,2
gmmbc,1
saturday,7
mencius,1
correct,2
saddle,1
accountable,1
preferable,1
brass,1
tawfmcaw,1
hangout,1
est,1
tampa,1
amalie,1
arena,1
sep,1
elevator,1
everytime,1
pressed,1
button,6
checkout,1
nurgle,1
snuck,1
khrone,1
wd,1
customized,1
dcubecrafts,1
greetingcards,1
powder,1
discussed,1
introduction,1
theological,2
aesthetic,1
moore,1
pittsburgh,1
eyewitness,18
barcousky,1
pb,1
penn,2
identification,1
wpri,2
rhode,1
modernize,1
voting,2
actively,1
embraced,1
ugc,1
hamburg,1
chief,6
gregory,1
wickett,1
deny,1
investigation,3
underway,1
pony,2
punch,1
cbs3,1
wexler,1
sanford,1
hardcover,1
wftv,2
tn,1
psychologist,1
arrested,3
charge,2
organ,1
harvesting,1
parenthood,6
dk,5
travel,8
denmark,3
notorious,1
laboratory,1
dealer,1
peta,1
invest,1
wbre,1
wyou,1
dorling,1
kindersley,1
publishing,1
shedding,3
10pm,1
fbi,2
married,4
honduran,1
freed,1
bokoharam,1
captive,1
speak,1
macia,2
accused,2
testified,1
famine,13
hunger,2
function,2
gallup,1
poll,5
suffer,3
unu,1
feast,3
redeem,1
serene,1
example,4
farmer,1
failed,1
feeding,4
tasted,1
starving,1
iartg,1
rwa,1
tw4rw,1
rrbc,1
dynamix,1
ethiopian,1
conquest,2
kiev,1
plague,3
presence,2
growing,2
stronger,2
squeezed,1
tsunami,18
lego,3
blubber,1
goodell,1
fatal,12
mistake,2
attraction,2
pee,1
francisco,1
remaster,1
frame,1
windwaker,1
flaw,1
kindness,2
stump,1
permanent,3
adopt,1
overlooked,1
whyor,1
ballew,1
log,2
statement,2
fraction,1
vital,1
fatality,39
econom,1
news3lv,1
veg,1
hse,1
annual,3
rejected,1
mortal,8
kombat,8
stretched,1
osage,1
mkx,3
skinless,1
predator,2
wisely,1
carnage,1
continuing,1
ggindependencmessage,1
gross,1
x,18
zero,3
motordom,1
lobbied,1
language,4
visionzero,1
sega,1
uber,2
reduces,1
independent,2
study,2
immensely,1
biggie,1
wrap,1
cuddling,1
savage,1
gangstermail,1
samsung,1
mobile,1
sn,2
vabengal,2
zss,2
sw,5
captain,5
falcon,4
hibernating,1
pbx,1
irrespective,1
careerism,1
pan,1
crbzfz,1
homie,2
wit,3
babality,1
lmfaoooo,1
basket,1
charming,1
paranormal,1
utica,1
pleasant,1
ave,5
paw,1
average,3
grass,1
jax,2
mk2,1
uud,1
lk,1
mileena,1
kosciusko,1
pedestrian,1
mk,1
tremor,1
stalag,1
ermac,1
pharaoh,1
snow,4
fox,3
ssb4,1
loser,1
factory,2
december,2
combined,4
picked,4
overcome,1
behold,1
tcc,1
endless,1
cheekiness,1
bleeds,1
recoil,1
keeper,1
runnin,1
disappointing,1
drove,3
midnight,2
passive,1
aggressively,1
coerced,1
commitment,1
organization,2
fluctuation,1
disturbance,1
imbalance,1
primary,4
source,3
creativity,2
margaret,1
wheatley,1
musicvideo,1
understanding,3
umntu,1
wakho,1
referencereference,1
xekstrin,1
cried,2
partake,1
ahhh,1
perrychat,1
blackinamerica,1
growingupblack,2
loathing,1
solitude,1
ma,2
shaking,1
choosegod,1
restoringpaths,1
replacing,3
unknown,1
curiosity,2
forfeiting,1
reopening,1
thexfiles201days,1
balanced,1
allah,3
eventually,1
ought,1
untangle,1
requiring,1
besttalkradio,1
knowledge,1
foolish,1
wisdom,1
amsal,1
denying,1
polar,1
gd,2
wrked,1
reed,1
achieving,1
deltachildren,1
instaquote,1
quoteoftheday,1
waltdisney,1
motivator,1
reflection,1
form,3
delusion,2
seeking,1
pity,2
morganite,1
gemstone,1
opal,1
sterling,1
r1354,1
throne,2
3x5,1
kissed,2
salisbury,1
cypress,1
10am,1
avi,1
header,1
combo,9
retro,2
politifiact,2
harry,4
reid,2
percent,5
served,3
pant,2
canonbringit,1
canontattoo,1
mn,1
theresmorewherethatcamefrom,1
fighter,3
gasoline,1
wcw,2
tha,1
icy,1
rum,1
tenshi,1
activated,2
yuki,1
overwork,2
stress,5
rainbow,1
cyhi,1
suppose,1
obstacle,1
euro,2
dontexpectnothing,1
rfp,1
transporta,1
ohgod,1
trident,1
pumper,1
ims,1
ho,1
bedding,1
firetruck,1
sticker,1
decal,1
nno,1
choose,3
push,1
township,1
philippine,2
langley,1
filipino,1
lukebox,1
responder,18
besides,2
praying,1
10k,1
11am,1
sept,1
donington,1
vantage,1
smarttek,1
mpers,1
roadid,1
juneau,1
lightly,1
reserved,1
incase,1
convene,1
summit,1
award,1
gi,1
gisuserpr,1
geotech,1
badge,2
resilience,1
factsheet,1
int,1
lender,1
snap,4
hat,20
cap,6
gray,3
embroidered,3
logo,3
luchaunderground,2
cabin,1
fever,1
summon,1
directly,1
guest,2
chachi,1
yoga,1
sbnation,1
penalty,4
gang,1
100nd,1
manly,1
2327564d,1
chose,1
bod,1
portgassdk,1
optimistic,1
pivot,2
pardon,1
burst,3
mindless,1
hugged,1
tightly,1
ell,1
rubybot,1
thh,1
furst,1
rising,2
graph,1
recording,1
thrown,1
advantage,1
apropos,1
favorable,1
regard,2
mississauga,1
pwhvgwax,1
flattened,29
cartoony,1
whoa,1
papa,1
penny,1
sumo,1
wrestler,1
gain,3
muaytai,1
wantmyabsback,1
zouma,4
yosemite,1
sam,1
drumpf,1
rabbit,1
floored4,1
bird,3
cup,4
lag,1
dock,1
conklin,1
shuffled,1
chest,3
picking,2
hay,1
masonite,1
wahpeton,1
nd,1
fylde,1
preston,1
iconic,2
disappearing,1
hide,2
mbiwa,1
rat,1
puck,1
implicit,1
raynor,2
balding,1
biker,1
emo,1
generic,1
sort,3
bluetooth,4
muppet,1
notley,1
harper,2
heartland,1
imported,1
tfw,1
albertans,1
frog,1
kurt,1
fallacy,2
steam,3
robertcalifornia,1
thereisonlysex,1
earring,4
jewelry,2
calm,5
sided,2
linerless,2
spartan,1
crushing,1
hail,17
fizzy,1
53inch,6
300w,6
curved,6
led,15
offroad,11
fog,7
lamp,13
2pcs,3
18w,3
4wd,5
beam,4
72w,2
alloy,2
cue,2
calling,3
10x,1
27w,2
12v,1
24v,1
tractor,1
suv,2
utv,2
85v,1
265v,1
10w,1
motion,1
outdoor,2
pir,1
auc,1
atv,1
survived,25
floated,1
peeked,1
mud,2
immune,1
deafening,1
thrust,1
jam,5
flooding,13
womb,1
thick,1
create,5
eliminate,1
random,2
homeimprovement,1
mmda,1
dilute,1
safely,2
longs,1
dm,1
chinese,1
brazil,1
drum,3
janice,1
lrt,2
thankkk,1
soo,2
notificationsu,1
parsholics,1
superb,1
jus,1
awesomelove,1
frvrgrateful,1
rspca,2
density,1
residential,1
reckon,1
dmt,1
simulation,1
heared,1
priceless,2
fishing,1
sunshine,2
fab,1
albertsons,1
itunes,3
glory,1
luiz,1
santos,1
throughout,1
portaloos,1
sentient,1
sumn,1
bringing,5
tornado,11
plaguing,3
farrakhan,2
extreme,6
anew,1
cole,2
inbetween,1
usfs,1
acronym,1
careless,1
campfire,1
stamp,3
qave,1
knowlddge,1
smokey,1
tale,2
pharrell,1
avenged,1
sevenfold,1
sirmixalot,1
dawgs,1
dak,1
jak,1
pumpkin,2
cheryl,2
cereal,1
kellogg,1
sugar,1
crunchy,1
grace,2
thee,1
thou,1
fahlo,1
kno,1
atcha,1
boston,1
golfball,1
sunny,2
parkchat,1
kevin,1
chef,1
pasture,1
sustainable,2
organic,2
caesar,2
holmes,1
hailstorm,4
clash,1
ofclans,1
profile,4
summons,1
lasting,2
pokemon,1
sworn,1
proven,1
carlilescanoelivery,1
lovemyjob,1
pcp,2
physician,2
celebrity,1
cupcake,4
vanderbilt,1
annoyed,1
hung,1
dumbass,1
concur,1
mmk,1
tagging,1
rebooting,1
blowing,1
wayward,1
survey,2
qzloremft,1
any1,1
otratmetlife,1
standardized,1
cc,2
declares,1
prosper,1
illegals,1
protected,1
trickshot,1
infinite,1
fading,2
ad,4
gards,1
reblogged,1
scar,2
collectible,1
randy,1
irwin,1
bros,1
guardrail,1
foul,3
needed,2
lmfaooo,1
nawh,1
triggered,2
sterotypical,1
annddd,1
colorism,1
prevalent,1
politician,1
plannedparenthood,1
fooled,1
thorgan,1
gladbach,1
lifestyle,2
sick,7
deemed,1
beard,1
battlefield,6
duke,2
undercover,2
soldier,3
choking,3
cascade,1
childress,1
maria,4
argument,1
davis,1
judith,1
hopfer,1
deglin,1
april,1
vallerand,1
eden,4
harden,1
flopping,1
identical,1
highly,3
fanboys,1
personally,2
aguero,1
striker,1
berahino,1
kraft,1
hector,1
bellerin,1
disappearance,2
freak,3
blame,2
dismissed,1
rape,2
raped,1
occupational,1
bmw,1
switch,1
oem,1
707d,1
chelsea,4
talisman,1
keen,1
cristiano,1
ronaldo,1
lionel,2
messi,1
mipasho,1
precious,1
cargo,2
onesie,1
recalled,1
willian,2
shifted,1
mav,1
tipster,1
swansea,2
lickin,1
donut,1
jail,2
attacking,2
winger,1
prem,1
basically,2
wholesale,1
rep,4
wholeteam3,1
wholesaleent,1
outlook,2
hwo,1
assessment,1
optimization,1
routing,1
dangling,1
piercing,1
crystal,2
olap,1
multidimensi,1
quarrel,2
adventure,2
warn,2
keratin,2
brazilian,2
blowout,2
copycat,2
sneak,1
stab,1
needle,3
inject,1
vein,1
breathing,1
tweeting,1
joshua,1
typo,2
foodscare,1
offers2go,1
nestleindia,1
magginoodle,1
humanconsumption,1
humid,1
patch,2
forehead,1
flared,1
olive,2
oli,1
extract,1
lightman,1
chilli,1
doritos,1
matching,2
lipstick,1
rediscovered,1
nars,1
hotter,1
humidity,2
greatbritishbakeoff,1
cooler,2
pdx,1
abq,1
bcuz,1
vol,1
deejayempiresound,1
orchid,1
slow,1
shite,1
utter,2
hellfire,23
plez,1
surrounded,4
afterlife,4
beware,3
silentmind,1
describes,2
piling,5
surah,2
humaza,2
reflect,2
rude,1
kind,3
sub,8
sewing,1
oversee,1
hunchback,1
notre,1
dame,1
reply,1
cocktail,1
diablo,2
verde,1
mezcal,1
chartreuse,1
cucumber,1
bitter,1
gargoyle,1
hoof,1
ignored,1
fadc,1
jagm,1
tow,1
missile,1
hijack,12
scam,1
sight,2
sarcastic,1
patched,3
o,3
exploit,3
bypass,3
password,3
ar,2
technica,2
everton,1
wonderkid,1
slammed,2
jonathan,4
apc,4
bayelsa,7
transfer,1
southampton,1
virgil,1
dijk,1
jeep,2
cherokee,1
fiat,1
chrysler,1
harman,1
consumerist,1
mcgsecure,1
vuln,1
tension,3
pdp,3
cautious,1
u2,1
specially,2
sirius,1
chan,2
sayin,1
utd,1
pedro,1
oregon,1
cmon,2
allows,3
parole,4
chowchilla,1
hijacker,16
schoenfeld,1
governor,3
remove,7
linkury,5
fresno,1
linked,2
weighs,1
notexplained,1
infamous,1
cooper,1
jag,1
enabled,2
demco,1
wheel,2
hitch,1
21k,1
ultra,1
softenza,2
anthelmintic,1
drawing,1
caf,1
hijacking,17
funtenna,12
prebreak,17
skateboard,1
arrived,7
unnecessary,1
waiver,1
sue,1
whomever,2
wifi,1
hotspot,1
perform,1
earn,1
mcr,1
snort,1
flavorchargedtea,1
ransomware,1
hostage,25
virus,2
wilson,1
held,4
chilling,2
bathroom,5
windowsill,1
tomislav,1
salopek,1
radical,1
mugged,1
excuse,3
holdin,1
trinna,1
biological,2
adoptive,1
encouragement,1
positivity,1
wut,1
ditched,1
hungrier,1
captivity,1
legislation,1
introduced,1
compensate,1
dysfunctional,1
mcconnell,1
judicial,1
nomination,1
govern,1
broadcast,1
journalism,1
fortune,2
otherwise,3
quot,2
television,1
blind,2
3g,5
superv,1
holmgren,1
natalie,1
stavola,1
role,3
lh,1
indiefilm,1
comingsoon,1
render,1
ssu,1
meaningless,1
cod,2
damsel,1
distress,1
peer,1
teddy,1
modified,1
stadium,2
tube,3
bang,29
caroline,1
bigsby,1
supermarket,1
messed,2
hurricane,14
damaged,2
wondering,3
grape,1
bluedio,3
turbine,3
wireless,4
stereo,4
headphone,4
headset,3
blk,3
terrified,1
shanaynay,1
shootas,1
burner,1
dancer,1
caribbean,1
pirate,1
shipwreck,1
margarita,1
engle,1
henry,1
holt,1
byr,1
houston,2
mixxtail,1
watermelon,1
loko,1
entertain,1
katrina,1
injured,11
arian,1
foster,3
yeat,1
wakeupflorida,1
floridian,1
trophyhunt,1
settle,1
torture,1
barcelona,1
alba,1
scott,1
lefty,1
paulista,1
wilshere,1
mcilroy,3
pga,1
speculation,1
rory,2
fueled,1
speculatio,1
forgiven,2
forgotten,1
aesop,1
kinesiology,1
tape,2
ironman,1
durability,1
effectiveness,1
possibly,2
regardless,2
creeping,1
inflicted,1
derma,1
bracket,1
prone,2
slating,1
disgrace,1
base,2
camp,9
cramp,1
experienced,1
coaching,1
defence,1
cursed,1
professional,1
sequalae,1
homicide,1
shad,1
forsythe,1
inevitably,1
adhd,1
yep,1
witness,1
gauze,1
influenced,1
forsure,2
blocking,1
disabledveterans,1
groin,1
thepartyofmeanness,1
fluid,1
strain,2
sprain,1
rush,1
roster,1
barring,1
diego,1
costa,1
urg,1
nflexpertpicks,1
devalue,3
digit,1
chinadotcom,1
joboozoso,1
usat,1
usatoday,1
texan,1
define,2
volga,3
greg,1
garza,1
atlas,1
leone,1
negro,1
copa,1
mx,1
usmnt,1
ergo,2
rotator,2
recovery,4
converting,1
domestic,2
lamha,2
ba,1
dal,1
rb,2
lance,2
dunbar,2
injures,2
stern,1
ala,1
tennis,1
defending,1
champ,1
svetlana,1
kuznetsova,1
withdraws,1
citi,1
cite,1
lower,2
espn,1
pft,1
barkevious,1
mingo,1
mcclain,1
nyg,1
cleared,1
incident,1
md,1
georgia,1
follownflnews,1
mcfadden,1
reportedly,1
hamstring,1
dom,1
bowling,2
cowboy,2
gio,1
backup,1
skc,1
bwp,2
nycfc,1
quirk,1
woe,1
claiborne,1
climbed,1
io,1
hawk,1
srk,1
punishment,1
ngata,1
laois,2
advertised,2
inundated,29
ddnt,1
ostentatious,1
wk,1
rainier,1
seward,1
delay,1
application,3
presume,1
soggy,1
lashing,1
moist,1
frankly,1
surf,2
waimea,1
surfer,1
bushman,1
safari,2
palmer,1
cecil,1
commentes,1
deconstruct,1
kerri,1
sackville,1
tms7,1
amazed,1
mistress,1
bread,2
trader,1
joes,1
wknd,1
grandad,1
banana,1
malt,1
loaf,1
worm,1
creamfields,1
mainstage,1
atm,1
kro,1
westeros,1
sword,1
s5,1
starks,1
greyjoys,1
employee,1
paperwork,1
simplify,1
staffing,1
logistics,1
brace,1
depressed,1
pfft,1
bot,2
unhinged,1
machismo,1
bullshit,1
demand,1
context,1
withering,1
undermine,1
mustering,1
trad,1
plummeting,1
megalpolis,1
petting,1
shiver,1
instant,2
inundation,8
overflow,1
commencement,1
constant,1
boot,3
unfortunately,2
apology,1
mousse,1
bound,1
sprinkler,1
faq,1
lawn,1
answered,1
ebb,1
berlatsky,1
landslide,18
fleetwood,1
q99,1
impending,1
hehe,1
lifelong,1
memorable,1
ronald,1
reagan,1
romp,1
capitalist,1
elect,1
smashing,1
89x,1
winning,2
cutest,1
indot,1
bias,1
lbr,1
couldnt,1
situ,1
since1970the,1
depreciation,1
cad,1
usd,1
b4federal,1
opposition,2
skardu,1
lyndon,1
hubris,1
maj,1
req,1
vision,2
rigour,1
nominates,1
smart,1
soak,2
lava,29
fond,1
blast,16
pantherattack,3
neighbor,1
uke,1
journey,1
kidsthesedays,1
exited,2
breeder,1
bred,1
dragonvale,1
chili,1
molten,1
ps3,1
savior,1
dserialpcilp,1
pci,1
serial,1
board,6
bleacher,1
shark,3
third,2
oliver,2
waterboarding,1
dipping,1
sivan,1
basalt,1
massage,1
quit,1
actin,1
shakeology,1
protein,1
shake,3
reshapes,1
strike,6
reshape,1
mineral,1
1a,1
apple,2
5,1
5c,1
ip,1
icaseit,1
mfi,1
certified,1
1m,1
wolforth,1
fourth,1
altamonte,1
autobiography,1
lawton,1
collins,1
shuts,1
eighth,1
patrol,1
subjected,1
unwarranted,1
directory,1
resting,1
corey,1
robinson,2
although,3
dip,1
walker,1
footage,1
filmed,1
kabwandi,1
unconfirmed,13
loud,33
neighbour,13
tkyonly1fmk,1
actionmoviestaughtus,1
groaning,1
ercjmnea,1
kotolily,1
tarmineta3,1
shawie17shawie,1
tuesday,1
bruv,1
auspol,2
resemblance,1
abbott,3
campbell,1
chick,1
chew,1
chewing,2
gum,2
nikoniko12022,1
epsom,1
arrive,2
wimbledon,1
matako,4
kijima,1
downstairs,2
telly,2
walked,3
ykelquiban,1
froze,1
slowly,2
towards,1
brut,1
colnharun,1
laugh,5
concentration,1
attempted,1
administration,1
labelled,1
minority,3
faroeislands,1
itinerary,1
dolphin,1
whale,2
publicizing,1
creel,1
moron,1
brainless,1
dickhead,2
polit,1
aspect,2
kissing,1
portrait,1
yuan,1
decision,5
mmmm,1
hillarymass,1
massacre,7
iii,3
grindhouse,1
screening,1
texaschainsawmassacre,1
lotg,1
smoothed,1
chalked,1
mouse,1
subtle,1
channel,6
introducing,1
mess,3
daddy,1
becarefulharry,1
permanently,2
bromleythe,1
soap,1
deadly,2
twain,1
creepiest,1
mayhem,19
stacy,1
reflects,2
festival,4
attendance,2
hanneman,2
editor,4
ramag,4
seemed,2
4playthursdays,2
everybody,2
andy,2
difference,2
masterchef,1
nosurrender,2
bully,2
panicked,1
disco,8
kissimmee,1
followback,1
brave,2
ferrell,1
zach,1
galifianakis,1
commit,1
comic,2
political,2
farce,1
mt,2
pitchwars,1
realism,1
observation,1
venture,1
suitable,1
proportion,1
commences,1
manage,1
bass,2
dubloadz,1
droppd,1
meelllttting,1
deepak,1
chopra,1
areva,1
candidate,1
grime,1
voter,3
whenever,2
microsofts,1
dfr,1
ep016,1
monthly,1
dnbheaven,1
respected,2
g7,1
g20,1
ohhhh,1
tangletalk,1
dtb,1
watchout,1
sp,3
earnings,2
letdown,1
def,2
conclusion,1
padre,1
uncontrollable,1
representative,1
sample,1
trillion,1
warthen,1
midst,1
bullpen,1
bubble,2
warriorcord,1
paracord,1
mil,2
strand,1
cougar,1
ushanka,2
fur,2
xl61,1
soviet,2
connects,1
mike,2
magner,2
discusses,2
environment,2
kgb,1
cossack,1
10th,2
iraq,1
deployment,1
deed,1
m151a1,1
mutt,1
m416,1
leadership,3
deserves,1
strongly,1
sucker,1
lulgzimbestpicts,4
infantryman,1
experimental,1
assertative,1
intelligence,2
contribute,1
hillaryclinton,1
beth,1
underwood,1
gravity,1
talkradio,1
hendricks,1
hospitality,1
clancy,1
novel,1
paperback,1
tomclancy,1
mcdonalds,2
pakistan,4
supreme,2
civilian,1
ruling,1
empower,1
milita,1
bolstering,1
cooperation,1
asia,1
sputnik,2
wider,1
troop,1
ptsd,2
mofo,1
unarmed,1
gunned,1
worseits,1
ass,1
stu,2
mudslide,25
tyre,1
beetroot,1
hipster,1
dorett,1
smug,1
brings,3
britishbakeoff,1
paulhollywood,1
opener,1
gasping,1
giggling,1
stew,1
dorette,1
maker,1
rabidmonkeys1,1
unique,2
impression,1
lieu,1
wishing,1
hatman,1
delicious,1
bakeofffriends,2
bae,1
backroom,1
natural,18
affected,1
reopen,1
rationing,1
terror,1
reporting,2
headline,1
rescuer,4
sifting,1
wreckage,1
mateo,1
doesnt,1
mirage,3
pointless,1
addition,2
slipping,1
roblox,1
askconnor,1
unavoidable,2
consequence,2
socialism,2
hashtags,1
violent,9
outage,1
nonucleariran,1
badirandeal,1
agw,1
denial,1
respondent,1
consciousness,1
fukushima,1
err,1
ge,1
reactor,14
finnish,5
financing,2
secured,2
ancient,16
discovered,4
germany,2
gigawatts,1
installed,1
gwatt,1
sideline,4
newest,4
manual,1
railguns,1
deliver,1
t1000s,1
abandon,2
construct,1
cooling,1
winechat,1
magnetic,1
electrostatic,1
fusion,1
fennovoima,2
worldnews,1
40mln,1
filming,1
chernobyl,1
calhoun,1
station,1
nrc,1
hamptonroadsfor,1
scout,1
obliterate,26
proc,1
notion,1
seemly,1
narcissism,1
richhomeydon,1
swag,1
instagramers,1
souda,1
sonia,1
kneelbot,1
lvg,1
forced,2
spur,1
smaller,1
lcb,1
cl,1
plymouth,1
litter,1
prophecy,1
cnn,4
combining,1
realm,1
jonvoyage,2
scum,1
gymflow,1
gymtime,1
assassin,1
focus,1
gap,1
superstition,1
swami,1
agnivesh,1
begging,1
satisfying,1
battleship,2
sarah,4
palin,2
targeting,2
bb4sp,2
freshness,1
math,1
rapidly,2
productive,1
enterprise,1
obliterated,27
rizzo,1
damnnnn,1
gmcr,1
accordingly,1
sunray,1
hairy,1
dried,1
spiderweb,1
texting,1
7k,1
wackoes,1
michelebachman,1
predict,2
firey,1
inferno,1
accept,1
globalwarming,1
meal,3
zimmerman,1
renewsit,1
reduced,3
sock,1
acc,1
wo,1
stripped,1
byebyesoundcloud,1
cocky,1
strutted,1
shtap,1
salted,1
poway,1
hcg,1
ensures,1
mole,1
whensoever,1
nevermore,1
sizygwwf,1
deserved,1
soz,1
accustomed,2
obliteration,26
canaanite,7
teamhennessy,1
nj,1
colombian,1
arcade,1
shooter,1
cte,1
empty,1
overpriced,1
slab,1
labour,2
ripping,1
labourleadership,1
contest,1
ja,1
kerry,1
trace,1
homosexuality,1
downfall,1
alhaji,1
sha,1
ibeto,1
cement,1
competitor,1
imminent,1
extent,1
privilege,1
reduce,2
unfair,1
favoritism,1
renovation,1
entrepreneur,1
smallbiz,1
startup,5
maximum,1
activate,1
timey,1
justifying,2
bene,1
gesserit,1
litany,1
dune,1
slicker,2
spill,1
trophy,1
outbreak,1
absolute,1
pandemonium,26
element,2
par,1
defender,1
tod,1
ensued,1
ffvii,1
forget,2
exclamation,1
midweek,1
themed,1
westmarch,1
arreat,1
upa,1
proud,1
copalibertadores,1
argentinean,1
aba,9
delivers,9
iso,1
psp,1
tgirl,2
requiem,1
faceless,1
bennycapricon,1
hillside,1
pit,1
shestooyoung,1
exquisite,1
sto,1
cumshot,1
porno,1
carefully,1
justaguess,1
deadgirltalking,1
unfortunemelody,1
jaylenejoybeligan,1
tarynel,1
dredougie,1
santanico,1
playstation,1
ps1,1
platform,1
platinum,1
obligatory,1
spoke,1
raptor,1
beg,1
differ,1
rang,1
goodlook,1
autismawareness,1
jesse,1
suffers,1
yankee,1
troubleonmymind,1
teamo,1
supremo,1
pogo,1
douchebag,1
newbie,2
crippling,1
overwhelming,1
fairly,1
adjusted,1
lolo,1
gospel,1
acoustic,2
headdesk,1
savs,1
convinced,1
guage,1
eyeball,1
return,3
corn,1
flake,1
natsnation,1
linden,1
lite,1
cure,1
lind,1
pictured,1
romantic,1
dramatic,1
sensei,1
rhyme,1
attic,2
collar,1
sucking,1
amo,1
laughtraders,1
panicking,31
capitulation,1
helios,1
mumbling,1
cackling,1
shook,2
istg,1
idm,1
gotham,1
bcs,1
theyre,1
hs2,1
astroturfers,1
crumbling,1
debbie,1
tindering,1
20mins,1
submitting,1
redeemer,1
romanticsuspense,1
hurry,1
fundwhen,1
alarmingly,1
normal,2
orpik,1
ay,1
vic,1
hardy,3
freeman,1
practicing,1
worrying,2
retard,1
drain,1
maid,1
dh30000,1
sponsor,1
vinnie,1
northumbria,1
expand,1
beloeil,1
richelieu,1
saint,1
laurent,1
expanding,1
th,1
bayonet,1
distributed,1
evilempire,1
jadehelm15,1
unwanted,1
12th,1
portland,2
pp15000266818,1
pdx911,1
episcopal,1
interracial,1
harrowing,1
harassment,1
bounty,1
raid,1
milwaukee,2
blowin,1
cu,1
helpme,1
ticketed,1
wayne,2
michigan,1
cycle,1
violation,1
huntington,1
quarantine,29
offensive,25
technews,1
puledo,1
bangalore,1
aannnnd,1
founder,5
huffman,5
unveiled,5
specif,4
onlinecommunities,2
quoted,1
censor,1
amageddon,1
freespeech,1
pink,1
subreddits,15
quarantined,23
antipozi,1
cucks,1
kia,1
meowing,1
louder,1
concept,2
wander,1
dl,1
symantec,1
exchange,2
radiation,5
monitoring,1
doe,2
wipp,1
filter,1
offsite,1
procedure,2
rainstorm,11
decorating,1
iwk,1
gasp,1
jim,2
alves,1
newrelease,1
jimmy,1
lapaka,1
toward,1
crowned,1
tends,1
roar,1
vacancy,1
disgusting,2
soaker,1
hardly,2
font,1
waking,2
kook,1
spa,1
razed,3
substantial,1
dualcom,1
easter,1
vassalboro,1
gazebo,1
turkish,4
newlywed,3
donate,1
gesture,1
repulsive,1
victimiser,1
dutton,1
evangelical,1
liar,1
lnp,2
dupe,1
overdrive,1
choppergate,1
bronwynbishop,1
syrian,7
cbc,1
aisle,1
dedicated,2
serbian,1
director,2
clothing,1
christianvalues,1
marrie,1
banquet,1
wowo,1
nigerian,2
repatriated,1
cameroon,1
paci,1
rsf,1
gag,1
generous,1
panik,1
kelbytomlinson,1
coastal,4
oc,4
shared,4
animalrescue,7
8th,1
newbeginningsanimalrescue,1
ppact,1
involved,1
ecstatic,1
rescued,19
racco,1
suggs,1
vivian,1
psychrewatch,1
length,1
sammy,1
kfc,1
crew,2
plantation,1
troy,1
tenno,1
lived,1
dojo,1
dopey,2
summervibes,1
pitmix,1
brixton,1
banksy,1
mybabies,1
buried,2
skyrim,1
awaits,2
pioneer,1
paleface,1
drifting,1
raft,1
container,1
enkelbiljett,1
menolippu,1
cocker,1
spaniel,1
romanatwoodvlogs,1
kitten,2
inspi,1
homeless,2
traveling,1
stray,1
stranger,1
pretend,1
giorgio,1
hiatt,1
ribbon,1
swept,1
isaiah,1
contemporary,1
mistreated,1
cardboard,1
heartwarming,1
mistrustful,1
unexplainable,1
childhooddefined,1
infomercial,1
crept,1
shaolin,1
shen,1
nan,2
chiang,1
venom,1
kung,1
fu,1
favori,1
riot,26
prefer,3
fem,1
eight,3
blowmandyup,3
rascal,1
flatts,1
atlantic,1
tactical,1
headquarters,1
shidddd,1
bah,1
menswear,1
urbanfashion,1
thorin,1
sandbox,1
silverman,1
soundtrack,1
tracey,1
ullman,1
teemo,1
shield,1
torrecilla,1
transwomen,1
drag,2
butch,1
lesbian,1
credited,1
inciting,1
ally,1
hired,1
incompetent,1
fried,1
ravioli,1
porcini,1
ricotta,1
oliviamiles01,1
juan,1
salvador,1
southeast,2
crown,2
champion,1
championsblackfoot,1
cracker,1
doco,1
setanta,1
ireland,3
freeview,1
largest,2
rioting,12
antioch,1
recently,2
met,2
discus,1
relation,1
loveislove,1
plenty,2
tosu,1
championship,2
invented,1
insomniac,1
wee,3
gmail,1
loses,1
alternative,2
protesting,1
demonstration,1
cindy,1
noonan,1
heartbreak,1
baltimore,1
yahistorical,1
undergroundrailraod,1
refuse,1
rubble,16
shovel,1
su,1
bounce,1
churchill,1
sparked,3
impulsive,1
redesigned,1
turning,2
brick,2
belongs,1
crazyideascollege,1
360wisenews,2
forbes,2
bull,1
betting,1
rebound,1
p2,1
postapocalypticflimflam,1
prodding,1
suh,2
carpooling,1
anxious,1
uncomfortable,1
smoker,1
smell,3
mta,1
sorrybutitstrue,1
yuppie,1
tourist,1
unhappy,1
purposely,1
happiness,2
fresh,3
lookss,1
applaud,1
terrific,1
wordk,1
zmne,1
relationship,2
intention,1
wale,1
bleed,1
masterpiece,1
foo,1
sour,1
freezer,1
legacy,1
greedy,2
censorship,1
reboot,1
bel,1
cervix,1
odell,1
sandstorm,9
wouldnt,1
dumb,1
darude,5
booze,1
remixes,1
merged,1
airhorns,1
ahahahga,1
unconscious,1
lyric,2
sidjsjdjekdjskdjd,1
microchip,1
tbh,1
massive,3
haram,1
steven,1
theme,1
upstairs,1
chonce,2
cryibg,1
loudest,1
higuain,1
offside,1
politely,1
jared,1
mommy,1
brooke,2
timed,1
dislike,1
femnism,1
twenty,1
six,1
cedarglade2015,1
asb,1
cheat,2
vent,1
txt,1
1d,1
wwa,1
oamsgajagahahah,1
laighign,1
addtexastonext1dtour,1
hond,1
slsp,1
encore,2
quiet,1
phandom,1
fangirling,1
mannequin,1
jariana,1
swiming,1
lhh,1
mastered,1
harshness,1
follows,1
pacing,1
camila,1
spree,1
yell,1
chord,1
funnydadcoach,1
kendall,1
jenner,1
idol,3
22days,1
wdym,1
advertise,1
ahhhh,1
omgggg,1
ooooohshit,1
ooohshit,1
scream,31
jaileens,1
caked,1
ram,1
shove,1
pillow,5
muffle,1
rhiannon,1
hungover,1
uhmmmm,1
tailor,1
kay,1
robbed,1
attached,1
animatronics,1
echo,1
jimin,1
casually,1
jasmine,2
rly,1
vibrates,1
saku,1
genitals,1
followed,1
contain,1
thankyou,1
dell,1
win10,1
looney,1
griffin,1
mash,1
death2usa,1
aaaa,1
lem,1
roomr,1
hears,1
oppose,1
seismic,14
formula,1
insight,1
cyber,1
ey,1
exploration,3
gabon,1
somalia,2
worldoil,1
subscription,1
zar,1
cringes,1
marek,1
toss,1
15t,1
sa15t,1
padded,1
speaker,4
qty,1
perforated,1
shear,1
panel,1
sfor,1
benson,1
clegg,1
kml,1
2d,1
3d,1
vessel,1
offshore,1
yor,1
subject,2
mechanical,1
ipa,1
radler,1
enablement,1
east,2
coast,1
dogger,1
westward,1
regent,1
towing,1
metre,1
oddball,1
observer,1
sinkhole,15
selfies,4
belie,1
goz,1
manually,1
ru,1
deceased,1
accidentalprophecy,1
sel,1
swallowed,1
taco,2
neighborhood,1
sewer,1
sinking,35
insane,2
unhappiness,3
hogan,1
thanking,1
publicity,1
jfc,1
unsigned,1
snapping,1
abbandoned,1
darsena,1
castello,1
scaligero,1
sirmione,1
realise,4
currency,1
transgress,1
prison,2
ward,1
payment,1
unsecured,1
jbumzqpk,1
onnnn,1
lying,1
donald,1
plank,1
scarlet,1
lane,2
lenore,1
saison,1
titanic,1
stayed,1
wooden,1
gander,1
tna,1
appease,1
morbid,1
destinationimpact,1
exercised,1
investment,1
keurig,1
lloyd,2
insure,1
slipper,1
darkest,2
jota,1
esse,1
carb,1
consultative,1
subconscious,1
xkdrx,1
lara,1
flesh,1
clawing,1
wonderfully,1
mafia,2
installment,1
wasting,1
pitched,1
ofnsixjks,1
corii,1
spoil,1
wishlist,1
imeshika,1
hapa,1
bumper,2
aar,1
piga,1
kijan,1
coursing,2
reviving,1
demoness,1
beckoning,1
void,1
whelen,1
295ss,1
amplifier,1
liveonstreamate,1
frusciante,1
jennifer,2
aniston,2
ww2,2
announce,1
dull,1
monotonous,1
firm,1
cybersecurity,1
angelina,1
jolie,1
sef,1
walkthrough,1
askh3cz,1
jealous,1
elgato,1
bday,1
bn,1
aquarius,1
queenmy,1
pretense,1
overture,1
phantom,1
songfor,1
pharma,1
overloaded,1
hacked,1
buck,2
nsf,1
argue,1
cheap,1
heavydirtysoul,1
concluded,2
serephina,1
2pm,3
fgcu,1
indyfest,1
screeching,1
accompanying,1
lemonade,1
semi,1
segment,1
anthology,1
awn,1
sirensicebreaker,1
diverse,2
heroine,1
dill,1
marketforce,2
perth,1
winner,2
iinet,1
nbn,1
buffering,1
goooooooo,1
midfield,1
soni,1
soner,1
cancelled,1
abc7eyewitness,1
helicopter,1
hometownglory,1
gostei,1
um,1
deo,1
postcard,1
polaroid,1
cher,1
vai,1
vir,1
pra,1
premium,2
promotion,1
brooo,1
blunts,1
weed,4
snoop,1
collie,1
buddz,1
alot,2
hmmm,1
radneck,1
kidney,1
crqck,1
becyme,1
mayor,1
includes,1
foursquare,1
burp,1
selling,2
youngins,1
locomotive,2
magne,1
traction,1
instruction,3
blunt,2
ciggs,1
toooooo,1
bck,1
trynna,1
tj,1
austin,1
cigs,1
breath,1
tray,1
josie,1
splifs,1
reminder,1
changing,2
mino,1
comma,1
snowstorm,15
x36,1
rained,1
chann,1
3am,1
footed,1
pajama,1
desk,2
maintain,1
purified,1
pale,1
moonlight,1
lalaloopsy,1
sunburst,1
june,1
seashore,1
sweater,2
spice,1
sassy,1
hunk,1
stranded,1
smoky,1
aoms,1
ibooklove,1
bookboost,1
freddie,1
sippin,2
milkshake,2
benjamin,1
francis,1
leftwich,1
southdowns,1
hampshire,1
treescape,1
treeporn,1
refer,1
boi,1
explain,1
lame,1
effective,1
rome,2
artificial,1
gamefeed,1
inspired,2
videogame,1
omfg,1
trooper,1
bobble,1
funko,1
anonymous,1
vortex,1
catcher,1
sportinggoods,1
premier,1
lulu,1
mypillowstudio,1
finna,1
boutta,1
hurting,1
sara,1
passed,2
stretcher,21
lumbar,1
extender,1
condition,3
programme,1
danielle,1
ferno,1
engineering,1
inspect,1
component,1
siding,2
horn,1
expander,1
fujiwara,1
shunichiro,1
freeze,1
veggie,1
homemade,1
yogurt,1
1pack,1
2pack,1
3pack,1
fleek,1
capoeira,1
bearer,2
favorited,1
lately,2
stressing,1
mxaaaa,1
niqqa,1
foreskin,1
structural,12
breakdown,1
rightways,1
inspection,2
occurs,1
excessive,1
engine,1
emerging,1
defect,1
coercion,1
ensuring,1
preventative,1
cabling,1
bracing,1
ct,2
melt,1
represents,1
shortfall,1
highway,1
affect,2
raised,1
faulty,1
sabotage,1
federal,1
deeply,1
solved,1
competence,1
soc,1
democratic,1
testing,1
vest,2
rembr,1
sticky,1
bomber,1
sunk,30
backty,1
peeped,1
frontin,1
tinted,1
bumpin,1
somethin,1
descended,1
shadowed,1
crest,1
striking,1
landing,1
harshly,1
capsize,1
blaaaaaaa,1
stomach,3
vibrate,1
marr,1
primal,1
yup,1
sansa,1
blinked,1
stil,1
university,1
collaborating,1
lonelyness,1
depressing,1
reputation,1
prestige,1
prosser,1
trp,1
mockery,1
background,2
romero,1
cared,2
moving,1
dreaming,1
mlk,1
hank,1
parental,1
coral,2
offspring,1
preconditioning,1
increased,1
ish,1
ayhhhhhdjjfjrjjrdjjeks,1
martial,1
investing,1
trading,2
forex,2
tootrue,1
dorrian,1
affiliate,2
marketer,2
elitist,1
thomassmonson,1
lds,1
mormon,1
stylishly,1
separated,1
november,1
15th,1
teamsurvivors,1
zombiefunrun2014,1
ww,1
wew,1
definition,1
referring,1
autoinsurance,1
clueless,1
driverlesscars,1
superpower,1
buchana,1
navigating,1
mahalo,1
nui,1
loa,1
20,1
holomua,1
drawn,1
cheated,1
electricity,1
scofield,1
hotbox,1
sona,1
berlin,1
daubt,1
destination,1
session,2
klitschko,1
mute,1
makinmemories,1
2am,1
chronicillness,1
avoided,1
mylifestory,1
livin,1
zoom,1
plotted,1
ritual,1
costly,1
molecularly,1
targeted,1
lungcancer,1
rocky,1
violator,1
improved,1
hurled,1
nuked,1
ghetto,1
reunite,1
netflix,1
documentary,1
hiroshima,1
narrated,1
parter,1
pilot,1
haley,1
lu,1
richardson,1
bbc,3
quran,3
omega,2
explores,2
religion,2
rayner,2
muslim,1
catholicism,1
homophobia,1
ifs,1
ands,1
buts,1
opposite,2
newsarama,1
saudi,1
initiative,1
alliance,1
assad,1
regime,1
homeland,1
appraisal,1
lubrication,1
metrofmtalk,3
mohammed,1
naved,1
warra,1
idek,1
mccain,1
whoop,2
photographed,1
keepingtheviginaclean,1
dfir,1
threatintel,1
burger,1
moblin,1
duh,1
generational,2
schism,1
privacy,2
drone,2
extensive,1
bhusa,1
thru,2
jihad,1
mall,1
islamaphobe,1
illusoria,1
icarus,1
thunder,25
playingnow,1
bloodbound,1
alabama,1
lighting,1
waldo,1
12u,1
cooperstown,1
joestrong,1
gokitgo,1
heheh,1
snipe,1
miner,16
driller,1
boxed,1
relaxing,1
soothmyslumber,1
watermeloann,1
populardemand,1
wc,1
l9udest,1
mama,4
essenceofme,1
oklahoma,2
durant,2
nba,2
adidas,1
swingman,1
rumbling,1
noah,1
paris,1
cest,1
fforecast,1
thu,1
asleep,3
vivaargentina,1
wed,1
mainly,1
cloudy,1
ocd,1
tornadogiveaway,1
thebookclub,1
lily,1
xo,1
cowgirl,1
courtney,1
laudner,1
tease,2
panty,1
dakota,1
skye,1
horny,1
juicy,1
pounded,1
superman,1
slowpoke,1
poc,1
heather,1
ava,1
sparxxx,1
threesome,1
brunette,2
beauty,1
stretch,1
victorian,1
sofa,1
marley,1
brinx,1
striptease,1
spread,1
pounding,1
giselle,1
homer,1
tulowitzki,1
hayden,1
pose,1
strip,1
maaaaan,1
tragedy,13
greater,1
comfortable,1
collective,1
sorrowful,1
redemption,1
platt,1
monica,1
lewis,1
laced,1
monologue,1
charlize,1
coulda,1
tbr,1
browsing,1
gr,1
homepage,1
ownership,1
gunning,1
heartache,1
misery,1
ariana,1
grande,2
innit,1
pump,1
prettyboyshyflizzy,1
beautifully,1
chile,14
starring,3
salute,1
teleported,1
somewhere,1
decides,1
zippednews,1
billion,1
venezuela,1
victorious,1
rv,1
santiago,1
ap,1
hollyw,1
lilourry,1
stan,1
zarry,2
narry,1
newsdict,1
nz,1
hugomatz,1
trauma,20
addict,1
defensive,1
vulnerability,1
particularly,1
vulnerable,1
distinct,1
inflict,1
wound,25
consistent,1
dimension,1
agdq,1
kororinpa,1
marble,1
mania,1
tloz,1
oracle,1
metroid,1
understandable,1
considering,1
ptsdchat,1
rosenthal,1
a1,1
communicate,1
gravitychat,1
continued,1
60,1
trans,1
resolved,1
fricken,1
marijuana,2
treating,1
hempoil,1
cannabis,1
haircut,1
minimal,1
oppressed,1
react,1
ignorant,1
usg,1
paeds,1
imaging,1
foamed,1
foamcc,1
partially,1
mocked,1
simmering,1
beneath,1
concussion,1
richmond,1
defines,1
perpetrator,1
traumatised,33
oneborn,1
parisian,1
jamie,1
properly,1
tat,1
flashback,2
orphanage,1
obviously,1
yessum,1
snapchatselfie,1
wrongperson,1
neck,1
renewed,1
topic,1
hogging,1
hoping,2
hopped,1
varagesale,1
rotation,1
leaning,1
learni,1
afrikaan,1
preorder,1
thebargain,1
farther,1
noel,1
wbu,1
happing,1
fartanxiety,1
boyd,1
stable,1
buffett,1
sector,1
caaaaaall,1
nikki,1
barber,1
trashed,1
wud,1
bak,1
stunningly,1
mia,1
frickin,1
motivated,1
donnelly,1
puth,1
godslove,2
thanku,2
danny,1
apocalyptic,2
baan,1
thai,1
sushi,1
bbshelli,1
beginner,2
dvbbs,1
borgeous,1
arceen,1
esh,2
yorker,1
uncertain,1
nostalgia,2
youuu,1
ghost,1
campanha,1
twister,33
vip,2
shania,2
nother,1
maddie,1
tae,1
oktxduo,1
homefolk,1
opinionated,1
proposal,1
modernized,1
omw,1
friend59,1
sharper,1
viper,1
hardside,1
structuring,1
edcxo,1
dunking,1
titty,1
outbid,2
catlow,1
c720,1
swivel,1
3dc,1
shar,1
oneself,2
discount,1
redesigning,1
itrawcwb,1
riser,1
dierks,1
bentley,1
iheartradio,1
bulgarian,1
tittie,1
noemotion,1
edk,1
pathfinder,1
speed,1
nexus,1
shifter,1
toosoon,1
paxton,1
helen,1
sticking,1
hew,2
woodchuck,1
gg,2
wilden,1
llegaste,1
tu,1
knob,1
m6x1,1
thread,1
dolla,1
potter,1
remind,1
diesel,1
breed,1
pug,1
twisterlovesshania,1
curl,1
repped,1
laura,1
milne,1
liguistic,1
narrator,1
chemically,1
lavatory,1
db5,1
satellite,1
spy,1
typhoon,1
soudelor,1
buddha,1
urbanisation,1
upheaval,24
challenged,1
brahman,1
dominance,1
genius,1
usw,1
abandoning,1
uncertainty,1
unrest,1
lyeh,1
finale,1
thegame,2
newberg,2
jacque,2
betz,2
elderly,1
companionship,1
chester,1
medieval,1
franklin,1
aladdin,1
opera,1
sydney,1
au,1
indepth,1
coping,2
mayan,7
hieroglyphic,5
honor,5
lowly,5
depth,1
soil,1
tt,1
kettlebell,1
chris,1
lopez,1
hindsight,1
jhmnye,1
foreclosed,1
tejc,1
acquire,1
postexistence,1
elevation,1
perquisite,1
brzjc,1
tiger,1
affecting,1
diageo,2
revolt,2
impacted,2
horoscope,1
disruptive,1
lyf,1
winik,1
navigate,1
audit,1
orcot,1
orpol,1
scandal,1
parliamentary,1
subsequent,1
sacking,1
agony,1
tunein,1
jupiter,3
larger,3
swell,1
darken,1
ungodly,1
slightest,1
stirring,1
maailiss,1
diaporama,2
sixpenceee,2
karymsky,4
crater,2
located,2
volcano,9
asics,2
ronnie,2
fieg,2
kith,2
3m,2
hickson,1
kenneth,1
faried,1
lamarcus,1
aldridge,1
kanye,1
cityofmemphis,1
enders,1
mgs2,1
ps2,1
thuggin,2
roving,1
raccoon,1
toughens,1
littlewomenla,1
seasonfrom,1
onshit,1
thugging,1
homies,1
inmate,1
packing,1
kitchen,1
flour,1
frying,1
sprite,1
lethal,4
firearm,1
vector,1
cutter,1
rifle,2
screwed,1
jiahahahha,1
yeyeulala,1
esoteric,1
astrologian,1
pulse,1
insanelimits,1
plugin,1
tps,1
tdm,1
400t,1
limit,2
karma,1
shatter,1
hatchet,1
gunsense,2
slosher,1
freaking,1
splatdown,1
switching,1
splatling,1
busy,1
splatoon,1
default,1
splattershot,1
nelson,1
mandela,1
dub,1
catalogue,1
servicin,1
lurkin,1
equalizer,1
hendrixonfire,1
blackcats,1
noob,1
mixed,1
violated,1
easier,1
stolen,1
albany,1
blogger,1
ineedexposure,1
hardline,3
throwingknifes,3
wooooooo,1
esports,1
dismantling,1
ojoubot,1
supporting,1
mere,1
expert,1
testimony,2
tactic,1
corruption,1
infiltration,1
router,1
ddos,1
gaming,1
retirement,1
bookmobile,1
bigbrother,1
ch4,1
37b,1
boeing,1
6m,1
skynet,1
finsup,1
mexico,1
con,1
submission,1
whirlwind,23
piss,1
moan,1
demeanor,1
staid,1
cafe,1
enjoying,1
cramming,1
jaiden,1
affair,1
grew,1
luhan,1
exo,1
breakfast,1
millennium,1
plaza,1
pawsox,1
durham,1
knoxville,1
sentinel,1
libs,1
baekhyun,1
suho,1
attending,1
syjexo,1
mantra,1
heading,1
30pcs,1
12mm,1
ab,1
resin,1
flatback,1
rhinestone,1
decoration,1
fa,1
scissor,1
ktfounder,1
remymarcel,1
frofrofro,1
jitsu,1
hexagon,1
yelled,1
titania,1
reimagining,1
shakespeare,1
midsummer,1
scourge,1
europe,1
fanged,1
cantwaittoplayinminneapolis,1
picthis,1
amazingness,1
finall,1
morel,1
ambleside,1
farmr,1
mart,1
mushroom,1
foragesecret,1
surely,1
doessnt,1
rejoice,1
calamity,1
ect,1
mock,1
wildfire,2
vail,1
mulan,1
windstorm,24
galvnews,1
fifty,2
nook,1
thebachelorette,1
wsvr1686b,1
hull,1
runabout,1
wzbt,1
hike,2
txlege,1
twia,3
hardball,1
browner,1
shirley,1
patio,1
umbrella,1
flipped,1
suspect,1
mystical,1
fierce,1
stillness,1
weigh,1
approves,1
association,1
bong,1
datingtips,1
goodreads,1
bury,1
retooled,1
retiree,1
handicapped,1
nomorehandouts,1
twilight,1
jacquie,1
biggar,1
kindlecountdown,1
mfrwauthor,1
mgtab,1
claimin,1
zenit,1
carried,1
academia,1
float,1
warrior,1
donation,1
senzu,1
gohan,1
pouch,1
rub,1
nout,1
rubbin,1
mirror,1
reflected,1
gunshot,2
bicep,1
kerricktrial,3
jonathanferrell,1
bruise,1
esteem,1
wiped,1
puncture,1
pour,1
cutting,1
celebrety,1
heals,1
belly,1
surgical,1
healed,1
enemity,1
bishopfred,1
scrolling,1
exact,1
baked,1
alaskan,1
neverforget,1
continues,1
examiner,1
discussing,1
covering,1
scab,1
gently,1
dabbed,1
rag,1
glenn,1
slower,1
hangin,1
watchin,1
septic,1
friggin,1
destiel,1
scratching,1
pedal,1
c4news,1
ornament,1
aqua,1
kindof,1
restrospect,1
ranking,1
artectura,1
pop2015,1
florence,1
spectacular,1
blinker,1
truly,1
amazondeals,1
skylanders,1
staged,1
sequel,2
ralph,1
loretta,1
lynch,1
larious,1
realtime,1
checking,1
ombudsmanship,1
nervous,1
takeaway,1
magnificent,1
wrecked,36
pastie,1
industrial,1
stare,1
furious,1
costing,1
apiece,1
purchased,1
cramer,7
iger,7
cnbc,4
liv,1
thatswhatfriendsarefor,1
freeway,1
audi,1
kunstler,1
architecture,1
residualincome,1
mlm,1
coleslaw,1
riddler,1
presidential,1
adorable,1
topnews,1
barra,1
goner,1
shoutout,1
fx,1
exploding,1
gameofkittens,1
explodingkittens,1
